Facies,Formation,Well Name,Depth,GR,ILD_log10,DeltaPHI,PHIND,PE,NM_M,RELPOS,Predicted_PE
3,A1 SH,ALEXANDER D,2887.5,88.71,0.612,6.7,10.605,,1,1.0,3.7756600000000007
3,A1 SH,ALEXANDER D,2888.0,92.71,0.583,11.0,12.515,,1,0.974,3.5699999999999976
3,A1 SH,ALEXANDER D,2888.5,94.54,0.579,12.0,13.41,,1,0.949,3.4626499999999982
3,A1 SH,ALEXANDER D,2889.0,95.31,0.579,11.5,13.75,,1,0.923,3.4478199999999974
3,A1 SH,ALEXANDER D,2889.5,93.79,0.572,10.3,13.405,,1,0.897,3.3307599999999997
3,A1 SH,ALEXANDER D,2890.0,86.0,0.547,9.7,12.92,,1,0.872,3.292779999999999
3,A1 SH,ALEXANDER D,2890.5,83.66,0.531,9.9,12.75,,1,0.846,3.3509099999999994
2,A1 SH,ALEXANDER D,2891.0,84.96,0.516,10.0,12.71,,1,0.821,3.327009999999999
2,A1 SH,ALEXANDER D,2891.5,88.93,0.515,9.4,13.51,,1,0.795,3.2022800000000005
3,A1 SH,ALEXANDER D,2892.0,91.35,0.521,7.4,15.33,,1,0.769,3.168479999999999
3,A1 SH,ALEXANDER D,2892.5,92.43,0.521,7.4,16.65,,1,0.744,3.1752
3,A1 SH,ALEXANDER D,2893.0,92.39,0.526,7.6,16.89,,1,0.718,3.1911100000000006
2,A1 SH,ALEXANDER D,2893.5,91.94,0.526,4.6,16.31,,1,0.692,2.9454000000000002
2,A1 SH,ALEXANDER D,2894.0,88.21,0.525,2.9,15.33,,1,0.667,3.012070000000001
2,A1 SH,ALEXANDER D,2894.5,83.2,0.524,1.9,14.215,,1,0.641,3.041500000000002
2,A1 SH,ALEXANDER D,2895.0,78.23,0.513,3.0,13.495,,1,0.615,3.1236500000000005
2,A1 SH,ALEXANDER D,2895.5,74.22,0.5,5.0,11.365,,1,0.59,3.2337599999999997
2,A1 SH,ALEXANDER D,2896.0,72.36,0.48,6.6,10.045,,1,0.564,3.3934299999999977
2,A1 SH,ALEXANDER D,2896.5,72.84,0.465,7.2,9.62,,1,0.538,3.3939899999999983
2,A1 SH,ALEXANDER D,2897.0,74.19,0.455,8.0,9.64,,1,0.513,3.388799999999997
2,A1 SH,ALEXANDER D,2897.5,76.62,0.449,8.8,10.5,,1,0.487,3.3355099999999993
2,A1 SH,ALEXANDER D,2898.0,81.29,0.449,9.2,12.785,,1,0.462,3.254150000000001
2,A1 SH,ALEXANDER D,2898.5,85.5,0.461,9.9,13.55,,1,0.436,3.45212
2,A1 SH,ALEXANDER D,2899.0,88.29,0.476,10.3,13.985,,1,0.41,3.6499200000000003
2,A1 SH,ALEXANDER D,2899.5,91.3,0.484,9.7,13.965,,1,0.385,3.4899700000000013
3,A1 SH,ALEXANDER D,2900.0,82.0,0.49,8.3,13.335,,1,0.359,3.3110699999999995
3,A1 SH,ALEXANDER D,2900.5,71.62,0.49,7.5,12.88,,1,0.333,3.207780000000002
2,A1 SH,ALEXANDER D,2901.0,67.4,0.483,7.2,12.685,,1,0.308,3.189930000000002
3,A1 SH,ALEXANDER D,2901.5,65.4,0.476,7.5,12.325,,1,0.282,3.23394
9,A1 SH,ALEXANDER D,2902.0,64.21,0.471,10.2,10.935,,2,0.256,5.933929999999999
9,A1 SH,ALEXANDER D,2902.5,63.82,0.467,11.2,10.655,,2,0.231,5.839299999999998
9,A1 SH,ALEXANDER D,2903.0,64.74,0.458,15.1,12.705,,2,0.205,5.8106399999999985
3,A1 SH,ALEXANDER D,2904.0,81.89,0.42,16.3,19.14,,1,0.154,3.383999999999998
3,A1 SH,ALEXANDER D,2904.5,83.53,0.371,14.9,19.16,,1,0.128,3.3266499999999986
2,A1 SH,ALEXANDER D,2905.0,83.06,0.316,14.8,19.5,,1,0.103,3.2678799999999986
2,A1 SH,ALEXANDER D,2905.5,81.58,0.279,15.7,19.945,,1,0.077,3.243179999999999
3,A1 SH,ALEXANDER D,2906.0,77.83,0.272,17.3,19.285,,1,0.051,3.185999999999999
3,A1 SH,ALEXANDER D,2906.5,65.11,0.279,15.2,17.42,,1,0.026,3.23195
9,A1 LM,ALEXANDER D,2907.0,32.58,0.29,10.3,14.52,,2,1.0,5.853169999999995
9,A1 LM,ALEXANDER D,2907.5,25.14,0.294,7.1,12.48,,2,0.985,5.701449999999995
7,A1 LM,ALEXANDER D,2908.0,26.51,0.29,7.1,10.91,,2,0.969,4.077940000000001
7,A1 LM,ALEXANDER D,2908.5,29.78,0.265,8.1,9.05,,2,0.954,3.851669999999999
6,A1 LM,ALEXANDER D,2909.0,33.06,0.248,8.6,8.275,,2,0.938,3.779009999999999
6,A1 LM,ALEXANDER D,2910.0,37.78,0.22,9.2,8.05,,2,0.908,3.8995800000000007
6,A1 LM,ALEXANDER D,2910.5,40.84,0.212,14.8,10.76,,2,0.892,3.604969999999999
7,A1 LM,ALEXANDER D,2911.0,44.08,0.207,16.0,11.275,,2,0.877,3.59739
7,A1 LM,ALEXANDER D,2911.5,48.24,0.21,9.8,14.97,,2,0.862,3.5936600000000003
7,A1 LM,ALEXANDER D,2912.0,51.21,0.228,8.1,16.025,,2,0.846,3.517540000000001
7,A1 LM,ALEXANDER D,2912.5,55.57,0.253,7.9,15.985,,2,0.831,3.489720000000001
4,A1 LM,ALEXANDER D,2913.0,64.21,0.299,7.4,15.785,,2,0.815,3.473280000000001
4,A1 LM,ALEXANDER D,2913.5,78.65,0.398,8.2,13.805,,2,0.8,3.4216999999999977
4,A1 LM,ALEXANDER D,2914.0,97.66,0.52,9.7,12.34,,2,0.785,3.235089999999998
4,A1 LM,ALEXANDER D,2914.5,101.57,0.636,10.1,12.02,,2,0.769,3.3998899999999987
4,A1 LM,ALEXANDER D,2915.0,102.02,0.679,9.4,11.33,,2,0.754,3.5899099999999975
4,A1 LM,ALEXANDER D,2915.5,100.87,0.658,7.6,10.135,,2,0.738,3.4380600000000006
8,A1 LM,ALEXANDER D,2916.0,88.36,0.646,7.0,9.58,,2,0.723,4.04556
6,A1 LM,ALEXANDER D,2916.5,73.88,0.635,5.2,10.145,,2,0.708,3.5040300000000006
6,A1 LM,ALEXANDER D,2917.0,62.49,0.635,4.2,10.515,,2,0.692,3.384939999999999
5,A1 LM,ALEXANDER D,2917.5,61.08,0.641,4.5,10.465,,2,0.677,3.384279999999998
5,A1 LM,ALEXANDER D,2918.0,64.32,0.66,6.7,10.575,,2,0.662,3.40378
6,A1 LM,ALEXANDER D,2918.5,66.04,0.671,9.1,11.38,,2,0.646,3.5372999999999983
6,A1 LM,ALEXANDER D,2919.0,66.61,0.691,10.8,12.17,,2,0.631,3.7323699999999977
6,A1 LM,ALEXANDER D,2919.5,66.14,0.713,11.6,12.41,,2,0.615,3.8623500000000006
8,A1 LM,ALEXANDER D,2920.0,68.24,0.735,10.0,11.64,,2,0.6,3.967249999999998
8,A1 LM,ALEXANDER D,2920.5,70.81,0.752,5.9,10.36,,2,0.585,4.7039800000000005
8,A1 LM,ALEXANDER D,2921.0,72.59,0.757,3.7,10.405,,2,0.569,4.496150000000001
8,A1 LM,ALEXANDER D,2921.5,77.22,0.769,2.5,10.465,,2,0.554,4.502430000000003
8,A1 LM,ALEXANDER D,2922.0,101.82,0.762,1.8,10.6,,2,0.538,4.793470000000003
8,A1 LM,ALEXANDER D,2922.5,115.43,0.756,1.0,10.755,,2,0.523,4.9005200000000055
6,A1 LM,ALEXANDER D,2923.0,119.82,0.725,0.5,10.775,,2,0.508,4.58572
6,A1 LM,ALEXANDER D,2923.5,120.82,0.675,0.6,10.315,,2,0.492,4.595949999999998
5,A1 LM,ALEXANDER D,2924.0,118.48,0.619,1.8,9.51,,2,0.477,3.9630399999999986
5,A1 LM,ALEXANDER D,2924.5,89.64,0.571,2.4,9.555,,2,0.462,3.9500799999999976
6,A1 LM,ALEXANDER D,2925.0,60.79,0.53,3.3,9.86,,2,0.446,3.878879999999998
6,A1 LM,ALEXANDER D,2925.5,33.46,0.501,4.3,10.16,,2,0.431,3.8890999999999996
5,A1 LM,ALEXANDER D,2926.0,27.41,0.483,5.0,10.62,,2,0.415,3.90348
6,A1 LM,ALEXANDER D,2926.5,24.14,0.471,5.3,11.3,,2,0.4,4.166869999999999
6,A1 LM,ALEXANDER D,2927.0,24.6,0.458,5.8,12.115,,2,0.385,4.138249999999999
6,A1 LM,ALEXANDER D,2927.5,24.58,0.455,4.0,13.465,,2,0.369,4.465540000000002
6,A1 LM,ALEXANDER D,2928.0,23.59,0.47,2.8,14.2,,2,0.354,3.949180000000002
6,A1 LM,ALEXANDER D,2928.5,23.16,0.513,1.8,14.145,,2,0.338,3.460910000000003
6,A1 LM,ALEXANDER D,2929.0,23.61,0.555,1.0,13.805,,2,0.323,3.7499400000000005
6,A1 LM,ALEXANDER D,2929.5,24.99,0.604,0.3,13.48,,2,0.308,3.9074600000000026
6,A1 LM,ALEXANDER D,2930.0,26.45,0.635,0.9,12.775,,2,0.292,3.811870000000001
8,A1 LM,ALEXANDER D,2930.5,28.39,0.661,1.7,12.095,,2,0.277,4.6675900000000015
6,A1 LM,ALEXANDER D,2931.0,31.6,0.679,2.1,11.665,,2,0.262,3.4485799999999993
6,A1 LM,ALEXANDER D,2931.5,35.71,0.696,2.3,11.39,,2,0.246,3.4829299999999996
5,A1 LM,ALEXANDER D,2932.0,41.34,0.702,2.8,11.395,,2,0.231,3.50662
6,A1 LM,ALEXANDER D,2932.5,46.73,0.708,4.4,11.895,,2,0.215,3.431300000000001
6,A1 LM,ALEXANDER D,2933.0,54.15,0.72,5.6,11.94,,2,0.2,3.5975099999999984
6,A1 LM,ALEXANDER D,2933.5,60.63,0.739,9.2,10.59,,2,0.185,4.083659999999998
4,A1 LM,ALEXANDER D,2934.0,65.2,0.774,11.3,11.15,,2,0.169,4.2585500000000005
4,A1 LM,ALEXANDER D,2934.5,72.19,0.803,12.1,11.505,,2,0.154,4.125870000000002
4,A1 LM,ALEXANDER D,2935.0,78.39,0.825,11.7,11.98,,2,0.138,4.093989999999999
4,A1 LM,ALEXANDER D,2935.5,82.48,0.836,9.7,12.595,,2,0.123,4.082309999999998
4,A1 LM,ALEXANDER D,2936.0,83.8,0.811,7.6,13.18,,2,0.108,3.7533700000000003
4,A1 LM,ALEXANDER D,2936.5,84.86,0.78,6.8,13.15,,2,0.092,3.5940700000000008
6,A1 LM,ALEXANDER D,2937.0,84.28,0.755,7.4,11.64,,2,0.077,3.6933199999999995
6,A1 LM,ALEXANDER D,2937.5,78.32,0.739,4.3,9.2,,2,0.062,4.0050099999999995
6,A1 LM,ALEXANDER D,2938.0,70.15,0.727,4.1,8.565,,2,0.046,3.966689999999996
8,A1 LM,ALEXANDER D,2938.5,66.53,0.721,3.4,8.37,,2,0.031,3.834930000000002
8,A1 LM,ALEXANDER D,2939.0,69.31,0.717,6.4,10.21,,2,0.015,3.8506899999999975
3,B1 SH,ALEXANDER D,2939.5,78.58,0.717,8.4,12.53,,1,1.0,3.5555699999999977
3,B1 SH,ALEXANDER D,2940.0,81.81,0.717,8.6,15.21,,1,0.969,3.333959999999998
3,B1 SH,ALEXANDER D,2940.5,82.02,0.716,4.5,15.43,,1,0.938,3.0824699999999994
2,B1 SH,ALEXANDER D,2941.0,75.3,0.722,4.9,13.615,,1,0.906,3.0752400000000013
2,B1 SH,ALEXANDER D,2941.5,66.45,0.722,6.8,12.37,,1,0.875,3.3124700000000007
2,B1 SH,ALEXANDER D,2942.0,63.91,0.722,7.4,11.865,,1,0.844,3.395239999999999
2,B1 SH,ALEXANDER D,2942.5,64.11,0.721,7.9,11.92,,1,0.813,3.3566999999999996
2,B1 SH,ALEXANDER D,2943.0,66.41,0.721,9.0,12.185,,1,0.781,3.2896900000000007
3,B1 SH,ALEXANDER D,2943.5,72.43,0.721,9.9,12.38,,1,0.75,3.405449999999999
3,B1 SH,ALEXANDER D,2944.0,75.89,0.714,9.6,12.83,,1,0.719,3.3049299999999993
3,B1 SH,ALEXANDER D,2944.5,79.81,0.708,8.2,13.335,,1,0.688,3.202199999999999
3,B1 SH,ALEXANDER D,2945.0,81.22,0.702,7.2,12.765,,1,0.656,3.20855
3,B1 SH,ALEXANDER D,2945.5,80.73,0.689,7.2,12.065,,1,0.625,3.29816
3,B1 SH,ALEXANDER D,2946.0,80.21,0.679,7.3,11.605,,1,0.594,3.43514
2,B1 SH,ALEXANDER D,2946.5,79.31,0.667,7.5,11.49,,1,0.563,3.4707299999999996
2,B1 SH,ALEXANDER D,2947.0,77.91,0.655,7.2,11.755,,1,0.531,3.454479999999998
2,B1 SH,ALEXANDER D,2947.5,75.57,0.641,6.6,11.25,,1,0.5,3.4151499999999984
2,B1 SH,ALEXANDER D,2948.0,72.63,0.625,5.8,10.46,,1,0.469,3.4673299999999987
2,B1 SH,ALEXANDER D,2948.5,69.14,0.607,5.6,10.285,,1,0.438,3.4144999999999994
2,B1 SH,ALEXANDER D,2949.0,65.21,0.589,4.7,10.23,,1,0.406,3.446420000000002
2,B1 SH,ALEXANDER D,2949.5,60.86,0.571,4.0,10.185,,1,0.375,3.381219999999999
2,B1 SH,ALEXANDER D,2950.0,57.85,0.551,4.7,9.525,,1,0.344,3.661739999999998
2,B1 SH,ALEXANDER D,2950.5,59.87,0.531,5.0,9.17,,1,0.313,3.656799999999998
2,B1 SH,ALEXANDER D,2951.0,63.55,0.512,7.2,9.93,,1,0.281,3.7625299999999995
2,B1 SH,ALEXANDER D,2951.5,69.27,0.496,8.1,11.3,,1,0.25,3.3279500000000035
2,B1 SH,ALEXANDER D,2952.0,79.55,0.473,8.2,13.005,,1,0.219,3.2516799999999986
2,B1 SH,ALEXANDER D,2952.5,84.75,0.447,10.1,13.945,,1,0.188,3.518589999999999
2,B1 SH,ALEXANDER D,2953.0,86.1,0.438,11.6,14.59,,1,0.156,3.597509999999998
2,B1 SH,ALEXANDER D,2953.5,87.01,0.464,12.1,15.205,,1,0.125,3.6675100000000005
3,B1 SH,ALEXANDER D,2954.0,87.46,0.614,6.2,18.555,,1,0.094,3.31605
3,B1 SH,ALEXANDER D,2954.5,85.24,0.667,6.9,19.51,,1,0.063,3.37781
3,B1 SH,ALEXANDER D,2955.0,78.97,0.721,8.5,20.405,,1,0.031,3.5153099999999995
2,B1 SH,ALEXANDER D,2955.5,78.97,0.721,8.5,20.405,,1,0.031,3.5368000000000013
8,B1 LM,ALEXANDER D,2956.0,67.92,0.795,9.2,19.835,,2,1.0,3.3325699999999956
8,B1 LM,ALEXANDER D,2956.5,50.23,0.878,5.1,11.71,,2,0.952,4.293010000000001
8,B1 LM,ALEXANDER D,2957.0,28.31,0.957,5.4,8.42,,2,0.905,4.827990000000001
8,B1 LM,ALEXANDER D,2957.5,23.76,0.983,4.4,7.42,,2,0.857,4.72076
8,B1 LM,ALEXANDER D,2958.0,21.89,1.004,4.3,7.245,,2,0.81,4.695150000000001
8,B1 LM,ALEXANDER D,2958.5,20.94,1.016,3.3,7.44,,2,0.762,4.674729999999998
8,B1 LM,ALEXANDER D,2959.0,20.93,1.015,3.0,7.31,,2,0.714,4.723519999999998
8,B1 LM,ALEXANDER D,2959.5,22.27,0.922,2.8,7.005,,2,0.667,4.69376
8,B1 LM,ALEXANDER D,2960.0,26.48,0.885,2.7,6.79,,2,0.619,4.551140000000002
8,B1 LM,ALEXANDER D,2960.5,27.04,0.866,3.3,6.84,,2,0.571,4.338580000000002
6,B1 LM,ALEXANDER D,2961.0,29.7,0.848,4.4,7.2,,2,0.524,4.335289999999998
5,B1 LM,ALEXANDER D,2961.5,36.65,0.834,5.8,7.665,,2,0.476,4.335579999999999
5,B1 LM,ALEXANDER D,2962.0,38.96,0.894,6.6,7.855,,2,0.429,4.3902800000000015
5,B1 LM,ALEXANDER D,2962.5,38.94,0.947,6.9,7.745,,2,0.381,4.559000000000001
6,B1 LM,ALEXANDER D,2963.0,38.93,0.97,6.0,6.96,,2,0.333,4.813429999999999
6,B1 LM,ALEXANDER D,2963.5,39.54,0.914,4.9,5.64,,2,0.286,4.783600000000002
8,B1 LM,ALEXANDER D,2964.0,40.03,0.868,4.3,4.76,,2,0.238,4.606170000000002
8,B1 LM,ALEXANDER D,2964.5,41.75,0.827,4.2,4.53,,2,0.19,4.539040000000003
8,B1 LM,ALEXANDER D,2965.0,44.91,0.785,4.2,4.57,,2,0.143,4.454120000000004
8,B1 LM,ALEXANDER D,2965.5,58.36,0.741,4.3,4.625,,2,0.095,4.138400000000001
4,B1 LM,ALEXANDER D,2966.0,71.82,0.716,4.5,5.065,,2,0.048,4.724319999999999
3,B2 SH,ALEXANDER D,2966.5,81.13,0.697,7.0,7.925,,1,1.0,3.8652700000000006
3,B2 SH,ALEXANDER D,2967.0,88.32,0.68,9.6,11.79,,1,0.957,3.3273999999999995
3,B2 SH,ALEXANDER D,2967.5,90.49,0.663,7.7,13.675,,1,0.913,3.052729999999999
3,B2 SH,ALEXANDER D,2968.0,90.26,0.638,7.0,14.01,,1,0.87,3.0721900000000004
3,B2 SH,ALEXANDER D,2968.5,89.38,0.61,6.9,13.45,,1,0.826,3.1148399999999996
3,B2 SH,ALEXANDER D,2969.0,88.92,0.561,8.6,12.73,,1,0.783,3.145580000000001
3,B2 SH,ALEXANDER D,2969.5,89.37,0.5,9.8,12.52,,1,0.739,3.3501799999999986
3,B2 SH,ALEXANDER D,2970.0,92.6,0.418,9.4,13.625,,1,0.696,3.2422199999999988
3,B2 SH,ALEXANDER D,2970.5,101.17,0.384,10.2,14.655,,1,0.652,3.240039999999997
3,B2 SH,ALEXANDER D,2971.0,110.95,0.352,12.7,16.07,,1,0.609,3.3582499999999977
3,B2 SH,ALEXANDER D,2971.5,112.65,0.344,16.5,18.115,,1,0.565,3.5464499999999965
3,B2 SH,ALEXANDER D,2972.0,113.04,0.378,15.5,19.145,,1,0.522,3.496449999999994
3,B2 SH,ALEXANDER D,2972.5,112.5,0.413,8.1,22.875,,1,0.478,3.20862
3,B2 SH,ALEXANDER D,2973.0,109.7,0.449,6.5,22.745,,1,0.435,3.2373900000000004
3,B2 SH,ALEXANDER D,2973.5,105.04,0.473,6.4,22.595,,1,0.391,3.298160000000001
3,B2 SH,ALEXANDER D,2974.0,98.57,0.497,6.3,22.305,,1,0.348,3.299220000000001
3,B2 SH,ALEXANDER D,2974.5,88.41,0.509,5.3,18.38,,1,0.304,3.0825700000000014
2,B2 SH,ALEXANDER D,2975.0,81.26,0.519,4.0,15.185,,1,0.261,3.1239899999999996
2,B2 SH,ALEXANDER D,2975.5,77.18,0.521,2.7,14.155,,1,0.217,3.14096
2,B2 SH,ALEXANDER D,2976.0,73.22,0.524,0.1,13.19,,1,0.174,3.17066
2,B2 SH,ALEXANDER D,2976.5,69.67,0.56,-4.4,15.205,,1,0.13,3.0007499999999987
3,B2 SH,ALEXANDER D,2977.0,64.08,0.618,-4.7,20.42,,1,0.087,3.067839999999998
3,B2 SH,ALEXANDER D,2977.5,58.49,0.679,-1.4,20.12,,1,0.043,3.3547499999999983
5,B2 LM,ALEXANDER D,2978.0,37.39,0.728,1.4,11.565,,2,1.0,4.104330000000003
5,B2 LM,ALEXANDER D,2978.5,15.38,0.759,1.2,11.245,,2,0.95,4.042980000000002
8,B2 LM,ALEXANDER D,2979.0,13.87,0.769,1.7,10.85,,2,0.9,4.74749
8,B2 LM,ALEXANDER D,2979.5,13.94,0.771,3.3,9.9,,2,0.85,4.946469999999999
8,B2 LM,ALEXANDER D,2980.0,15.34,0.771,3.2,9.74,,2,0.8,5.074060000000002
8,B2 LM,ALEXANDER D,2980.5,18.94,0.769,2.8,9.505,,2,0.75,5.113369999999998
8,B2 LM,ALEXANDER D,2981.0,21.24,0.764,1.4,9.565,,2,0.7,4.86279
8,B2 LM,ALEXANDER D,2981.5,22.62,0.764,0.6,9.815,,2,0.65,4.842470000000001
8,B2 LM,ALEXANDER D,2982.0,21.9,0.77,0.6,9.76,,2,0.6,4.9198
8,B2 LM,ALEXANDER D,2982.5,21.67,0.806,0.6,9.64,,2,0.55,4.946679999999999
8,B2 LM,ALEXANDER D,2983.0,21.78,0.857,0.3,9.21,,2,0.5,5.0192200000000025
8,B2 LM,ALEXANDER D,2983.5,22.17,0.885,0.7,8.565,,2,0.45,4.988280000000003
8,B2 LM,ALEXANDER D,2984.0,22.56,0.906,0.8,7.955,,2,0.4,4.977630000000002
8,B2 LM,ALEXANDER D,2984.5,23.93,0.915,1.0,7.5,,2,0.35,4.95573
8,B2 LM,ALEXANDER D,2985.0,27.17,0.91,0.9,7.26,,2,0.3,4.5941399999999994
8,B2 LM,ALEXANDER D,2985.5,31.22,0.851,0.5,7.01,,2,0.25,4.576409999999999
8,B2 LM,ALEXANDER D,2986.0,37.79,0.785,-0.1,7.075,,2,0.2,4.3082699999999985
6,B2 LM,ALEXANDER D,2986.5,51.83,0.672,-0.2,7.25,,2,0.15,4.016769999999998
6,B2 LM,ALEXANDER D,2987.0,69.13,0.534,4.5,9.81,,2,0.1,3.8479199999999985
8,B2 LM,ALEXANDER D,2987.5,87.71,0.391,9.1,12.365,,2,0.05,4.238519999999997
3,B3 SH,ALEXANDER D,2988.0,94.42,0.33,8.8,18.165,,1,1.0,3.142529999999999
3,B3 SH,ALEXANDER D,2988.5,100.7,0.31,5.9,23.165,,1,0.963,2.8300199999999993
3,B3 SH,ALEXANDER D,2989.0,103.11,0.292,7.3,22.76,,1,0.926,2.9555299999999964
3,B3 SH,ALEXANDER D,2989.5,104.14,0.312,6.4,21.565,,1,0.889,2.905859999999998
3,B3 SH,ALEXANDER D,2990.0,102.97,0.324,5.0,20.26,,1,0.852,2.7676999999999996
3,B3 SH,ALEXANDER D,2990.5,99.0,0.346,4.1,19.565,,1,0.815,2.7117300000000006
3,B3 SH,ALEXANDER D,2991.0,96.66,0.369,3.5,19.015,,1,0.778,2.621190000000001
3,B3 SH,ALEXANDER D,2991.5,94.79,0.393,9.2,15.415,,1,0.741,3.212999999999999
2,B3 SH,ALEXANDER D,2992.0,82.52,0.428,7.9,15.64,,1,0.704,3.1267200000000015
2,B3 SH,ALEXANDER D,2992.5,77.61,0.456,2.6,13.58,,1,0.667,2.8461800000000004
2,B3 SH,ALEXANDER D,2993.0,75.55,0.494,2.7,12.0,,1,0.63,3.112839999999999
2,B3 SH,ALEXANDER D,2993.5,74.77,0.537,3.5,11.51,,1,0.593,3.2944699999999982
2,B3 SH,ALEXANDER D,2994.0,76.3,0.569,5.2,12.03,,1,0.556,3.35291
2,B3 SH,ALEXANDER D,2994.5,79.38,0.606,4.8,13.775,,1,0.519,3.38109
2,B3 SH,ALEXANDER D,2995.0,80.76,0.638,4.4,14.53,,1,0.481,3.1689800000000012
2,B3 SH,ALEXANDER D,2995.5,80.75,0.655,4.2,13.82,,1,0.444,3.24297
2,B3 SH,ALEXANDER D,2996.0,78.97,0.67,4.0,11.185,,1,0.407,3.199029999999999
2,B3 SH,ALEXANDER D,2996.5,74.62,0.661,4.2,10.615,,1,0.37,3.3123300000000024
2,B3 SH,ALEXANDER D,2997.0,72.21,0.643,3.7,10.69,,1,0.333,3.246900000000001
2,B3 SH,ALEXANDER D,2997.5,72.65,0.624,2.6,11.085,,1,0.296,3.24471
2,B3 SH,ALEXANDER D,2998.0,78.02,0.604,2.9,11.185,,1,0.259,3.219949999999999
2,B3 SH,ALEXANDER D,2998.5,83.45,0.589,5.3,11.95,,1,0.222,3.3266299999999998
2,B3 SH,ALEXANDER D,2999.0,84.37,0.571,7.1,12.69,,1,0.185,3.423210000000001
2,B3 SH,ALEXANDER D,2999.5,76.3,0.563,8.1,12.975,,1,0.148,3.3008300000000004
3,B3 SH,ALEXANDER D,3000.0,67.17,0.616,9.0,13.23,,1,0.111,3.4055899999999992
3,B3 SH,ALEXANDER D,3000.5,58.04,0.69,9.3,12.135,,1,0.074,3.54814
3,B3 SH,ALEXANDER D,3001.0,47.67,0.749,8.3,9.755,,1,0.037,3.9425299999999974
3,B3 SH,ALEXANDER D,3001.5,36.2,0.787,5.0,8.545,,1,0.0,4.30169
8,B3 LM,ALEXANDER D,3002.0,36.2,0.787,5.0,8.545,,2,1.0,4.085229999999998
8,B3 LM,ALEXANDER D,3002.5,33.43,0.803,2.3,8.365,,2,0.667,4.351860000000004
8,B3 LM,ALEXANDER D,3003.0,34.13,0.797,2.2,8.58,,2,0.333,4.518810000000003
2,B4 SH,ALEXANDER D,3003.5,38.89,0.784,5.1,8.17,,1,1.0,4.2597400000000025
2,B4 SH,ALEXANDER D,3004.0,50.61,0.766,5.6,7.995,,1,0.958,3.6223300000000016
2,B4 SH,ALEXANDER D,3004.5,59.35,0.747,5.1,8.205,,1,0.917,3.492940000000001
2,B4 SH,ALEXANDER D,3005.0,64.74,0.728,4.5,8.505,,1,0.875,3.4590700000000023
2,B4 SH,ALEXANDER D,3005.5,71.24,0.707,4.0,8.925,,1,0.833,3.372300000000002
2,B4 SH,ALEXANDER D,3006.0,72.62,0.685,4.3,9.675,,1,0.792,3.3987400000000014
2,B4 SH,ALEXANDER D,3006.5,77.63,0.661,4.8,10.675,,1,0.75,3.4198399999999993
2,B4 SH,ALEXANDER D,3007.0,84.78,0.617,4.8,11.425,,1,0.708,3.2999999999999985
2,B4 SH,ALEXANDER D,3007.5,88.14,0.589,5.0,11.935,,1,0.667,3.2249600000000016
2,B4 SH,ALEXANDER D,3008.0,89.78,0.554,5.3,12.21,,1,0.625,3.2926800000000025
2,B4 SH,ALEXANDER D,3008.5,86.7,0.52,4.8,11.29,,1,0.583,3.32204
2,B4 SH,ALEXANDER D,3009.0,78.2,0.493,4.9,10.755,,1,0.542,3.3554700000000004
2,B4 SH,ALEXANDER D,3009.5,73.68,0.47,4.4,10.79,,1,0.5,3.22986
2,B4 SH,ALEXANDER D,3010.0,72.57,0.456,3.7,11.08,,1,0.458,3.1457899999999976
2,B4 SH,ALEXANDER D,3010.5,77.21,0.444,3.5,11.495,,1,0.417,3.1092099999999987
2,B4 SH,ALEXANDER D,3011.0,81.84,0.444,3.6,11.985,,1,0.375,3.0307799999999987
2,B4 SH,ALEXANDER D,3011.5,83.79,0.438,4.0,12.38,,1,0.333,2.98642
2,B4 SH,ALEXANDER D,3012.0,84.57,0.438,4.3,12.78,,1,0.292,3.02695
2,B4 SH,ALEXANDER D,3012.5,85.68,0.431,4.4,13.26,,1,0.25,3.0227499999999985
2,B4 SH,ALEXANDER D,3013.0,86.46,0.431,5.2,14.46,,1,0.208,2.96337
2,B4 SH,ALEXANDER D,3013.5,86.45,0.431,7.0,16.615,,1,0.167,3.21524
2,B4 SH,ALEXANDER D,3014.0,85.52,0.431,9.1,17.94,,1,0.125,3.250610000000001
2,B4 SH,ALEXANDER D,3014.5,65.56,0.441,9.3,18.225,,1,0.083,3.059069999999999
2,B4 SH,ALEXANDER D,3015.0,43.49,0.549,6.3,17.055,,1,0.042,3.714019999999999
8,B4 LM,ALEXANDER D,3015.5,31.57,0.617,-0.1,14.37,,2,1.0,3.9165499999999986
8,B4 LM,ALEXANDER D,3016.0,29.3,0.621,-2.3,13.62,,2,0.833,4.293800000000001
8,B4 LM,ALEXANDER D,3016.5,27.9,0.627,-0.6,12.335,,2,0.667,4.724820000000002
8,B4 LM,ALEXANDER D,3017.0,40.33,0.627,1.3,11.47,,2,0.5,4.56768
8,B4 LM,ALEXANDER D,3017.5,54.83,0.627,3.5,11.895,,2,0.333,4.373060000000001
8,B4 LM,ALEXANDER D,3018.0,69.32,0.617,12.1,16.105,,2,0.167,3.6058599999999967
3,B5 SH,ALEXANDER D,3018.5,83.21,0.594,14.4,19.345,,1,1.0,3.445310000000002
3,B5 SH,ALEXANDER D,3019.0,91.02,0.494,13.3,21.48,,1,0.875,3.5649300000000004
3,B5 SH,ALEXANDER D,3019.5,95.68,0.378,9.7,22.44,,1,0.75,3.1671300000000007
3,B5 SH,ALEXANDER D,3020.0,98.58,0.356,9.4,23.4,,1,0.625,3.1036299999999994
3,B5 SH,ALEXANDER D,3020.5,97.21,0.33,11.6,24.03,,1,0.5,3.1729199999999995
3,B5 SH,ALEXANDER D,3021.0,94.91,0.318,12.9,23.59,,1,0.375,3.2123100000000027
3,B5 SH,ALEXANDER D,3021.5,90.57,0.312,12.3,23.56,,1,0.25,3.2247500000000016
3,B5 SH,ALEXANDER D,3022.0,81.18,0.324,11.1,23.74,,1,0.125,3.0758799999999997
8,B5 LM,ALEXANDER D,3022.5,43.14,0.34,0.6,16.815,,2,1.0,4.100369999999999
8,B5 LM,ALEXANDER D,3023.0,33.38,0.36,4.2,15.15,,2,0.967,4.172989999999997
8,B5 LM,ALEXANDER D,3023.5,29.88,0.38,6.0,15.305,,2,0.933,4.243529999999998
8,B5 LM,ALEXANDER D,3024.0,28.03,0.354,6.6,15.51,,2,0.9,4.222759999999997
8,B5 LM,ALEXANDER D,3024.5,27.17,0.336,6.5,15.77,,2,0.867,4.211779999999997
8,B5 LM,ALEXANDER D,3025.0,26.22,0.305,4.1,17.315,,2,0.833,4.758679999999999
8,B5 LM,ALEXANDER D,3025.5,24.5,0.243,3.0,18.23,,2,0.8,5.25371
8,B5 LM,ALEXANDER D,3026.0,22.65,0.179,2.0,18.72,,2,0.767,5.060660000000001
8,B5 LM,ALEXANDER D,3026.5,19.4,0.158,1.1,18.76,,2,0.733,5.35483
8,B5 LM,ALEXANDER D,3027.0,17.21,0.155,-0.5,18.505,,2,0.7,5.037419999999998
8,B5 LM,ALEXANDER D,3027.5,14.82,0.158,-1.4,17.86,,2,0.667,5.013080000000001
8,B5 LM,ALEXANDER D,3028.0,13.34,0.17,-0.2,16.15,,2,0.633,5.201499999999999
8,B5 LM,ALEXANDER D,3028.5,14.37,0.188,1.1,14.38,,2,0.6,6.36144
8,B5 LM,ALEXANDER D,3029.0,16.58,0.236,1.7,12.975,,2,0.567,6.24143
8,B5 LM,ALEXANDER D,3029.5,19.36,0.342,1.7,11.93,,2,0.533,5.013059999999999
6,B5 LM,ALEXANDER D,3030.0,22.13,0.417,2.2,11.195,,2,0.5,4.3671500000000005
6,B5 LM,ALEXANDER D,3030.5,24.46,0.441,3.7,10.44,,2,0.467,4.386800000000003
6,B5 LM,ALEXANDER D,3031.0,27.42,0.452,4.8,10.075,,2,0.433,4.247159999999998
6,B5 LM,ALEXANDER D,3031.5,31.51,0.452,6.1,10.06,,2,0.4,4.193539999999998
7,B5 LM,ALEXANDER D,3032.0,36.65,0.452,6.9,10.375,,2,0.367,4.046899999999999
7,B5 LM,ALEXANDER D,3032.5,42.07,0.452,7.3,10.785,,2,0.333,3.9245399999999995
8,B5 LM,ALEXANDER D,3033.0,44.85,0.464,6.9,11.1,,2,0.3,4.483789999999998
8,B5 LM,ALEXANDER D,3033.5,43.82,0.487,3.2,12.825,,2,0.267,4.73192
8,B5 LM,ALEXANDER D,3034.0,42.31,0.504,3.2,12.595,,2,0.233,4.534339999999999
8,B5 LM,ALEXANDER D,3034.5,45.53,0.52,3.7,11.585,,2,0.2,4.370560000000001
6,B5 LM,ALEXANDER D,3035.0,53.57,0.524,3.7,10.93,,2,0.167,3.4718500000000008
5,B5 LM,ALEXANDER D,3035.5,58.75,0.519,3.8,10.71,,2,0.133,3.5411600000000005
6,B5 LM,ALEXANDER D,3036.0,62.45,0.5,3.7,10.68,,2,0.1,3.5763800000000003
8,B5 LM,ALEXANDER D,3036.5,64.3,0.476,6.7,12.145,,2,0.067,4.4016899999999985
8,B5 LM,ALEXANDER D,3037.0,83.36,0.43,10.6,14.415,,2,0.033,4.143629999999997
3,C SH,ALEXANDER D,3037.5,99.93,0.377,13.0,19.93,,1,1.0,3.40345
3,C SH,ALEXANDER D,3038.0,107.9,0.35,10.7,23.79,,1,0.981,3.2907399999999996
3,C SH,ALEXANDER D,3038.5,109.79,0.338,10.3,24.205,,1,0.962,3.2959099999999997
3,C SH,ALEXANDER D,3039.0,107.46,0.338,8.9,23.415,,1,0.943,3.1782799999999987
3,C SH,ALEXANDER D,3039.5,104.2,0.364,8.8,21.355,,1,0.925,3.1463799999999993
3,C SH,ALEXANDER D,3040.0,100.89,0.403,8.5,19.2,,1,0.906,3.1676999999999986
3,C SH,ALEXANDER D,3040.5,96.81,0.436,9.1,18.54,,1,0.887,3.2026899999999983
3,C SH,ALEXANDER D,3041.0,93.52,0.45,10.1,18.555,,1,0.868,3.302579999999997
3,C SH,ALEXANDER D,3041.5,91.17,0.464,9.5,19.16,,1,0.849,3.250419999999999
3,C SH,ALEXANDER D,3042.0,91.16,0.48,7.0,20.555,,1,0.83,3.156699999999999
3,C SH,ALEXANDER D,3042.5,91.16,0.498,7.0,20.82,,1,0.811,3.1269699999999987
3,C SH,ALEXANDER D,3043.0,90.22,0.511,9.2,20.195,,1,0.792,3.2178000000000004
3,C SH,ALEXANDER D,3043.5,88.76,0.513,11.7,19.065,,1,0.774,3.6543500000000013
3,C SH,ALEXANDER D,3044.0,87.23,0.525,10.5,18.955,,1,0.755,3.64099
3,C SH,ALEXANDER D,3044.5,86.48,0.528,7.5,19.295,,1,0.736,3.155429999999998
2,C SH,ALEXANDER D,3045.0,86.01,0.528,4.6,19.375,,1,0.717,3.0010800000000004
2,C SH,ALEXANDER D,3045.5,86.01,0.522,5.6,17.82,,1,0.698,2.99874
2,C SH,ALEXANDER D,3046.0,86.0,0.516,8.9,15.975,,1,0.679,3.1677799999999996
2,C SH,ALEXANDER D,3046.5,87.85,0.516,12.0,14.545,,1,0.66,3.6752
2,C SH,ALEXANDER D,3047.0,90.4,0.522,13.0,14.125,,1,0.642,3.728289999999997
2,C SH,ALEXANDER D,3047.5,92.34,0.56,13.1,13.93,,1,0.623,3.637249999999998
2,C SH,ALEXANDER D,3048.0,93.96,0.592,12.6,13.6,,1,0.604,3.4240599999999985
2,C SH,ALEXANDER D,3048.5,94.35,0.607,11.9,13.58,,1,0.585,3.400869999999999
2,C SH,ALEXANDER D,3049.0,93.85,0.607,11.0,13.95,,1,0.566,3.4305599999999994
2,C SH,ALEXANDER D,3049.5,92.45,0.607,9.3,14.73,,1,0.547,3.5636
2,C SH,ALEXANDER D,3050.0,91.43,0.613,10.0,14.335,,1,0.528,3.5524300000000038
2,C SH,ALEXANDER D,3050.5,90.38,0.603,10.8,13.985,,1,0.509,3.4442300000000006
2,C SH,ALEXANDER D,3051.0,91.31,0.592,11.9,14.05,,1,0.491,3.4389699999999994
2,C SH,ALEXANDER D,3051.5,94.47,0.582,12.7,14.2,,1,0.472,3.466699999999999
2,C SH,ALEXANDER D,3052.0,95.67,0.575,13.6,14.39,,1,0.453,3.4536299999999995
2,C SH,ALEXANDER D,3052.5,95.66,0.584,13.7,14.61,,1,0.434,3.4566199999999996
2,C SH,ALEXANDER D,3053.0,94.72,0.593,13.2,14.95,,1,0.415,3.3895800000000005
2,C SH,ALEXANDER D,3053.5,93.76,0.588,11.4,14.8,,1,0.396,3.458250000000001
2,C SH,ALEXANDER D,3054.0,91.57,0.581,10.6,14.75,,1,0.377,3.518430000000001
2,C SH,ALEXANDER D,3054.5,88.82,0.581,11.3,13.885,,1,0.358,3.553010000000001
2,C SH,ALEXANDER D,3055.0,88.2,0.575,11.2,13.455,,1,0.34,3.5495900000000016
2,C SH,ALEXANDER D,3055.5,89.12,0.568,11.1,13.295,,1,0.321,3.6044600000000013
2,C SH,ALEXANDER D,3056.0,89.11,0.562,11.4,13.205,,1,0.302,3.653280000000001
2,C SH,ALEXANDER D,3056.5,89.68,0.559,11.8,14.08,,1,0.283,3.7344399999999998
2,C SH,ALEXANDER D,3057.0,95.2,0.553,9.3,15.595,,1,0.264,3.57702
2,C SH,ALEXANDER D,3057.5,100.38,0.533,7.0,16.775,,1,0.245,3.468280000000002
2,C SH,ALEXANDER D,3058.0,100.69,0.502,5.6,17.655,,1,0.226,3.1338900000000014
2,C SH,ALEXANDER D,3058.5,101.17,0.48,9.3,17.035,,1,0.208,3.4202700000000017
2,C SH,ALEXANDER D,3059.0,105.79,0.45,13.6,17.85,,1,0.189,3.508459999999998
3,C SH,ALEXANDER D,3059.5,110.42,0.431,14.7,18.84,,1,0.17,3.5310299999999994
3,C SH,ALEXANDER D,3060.0,115.02,0.408,15.2,19.66,,1,0.151,3.5995099999999955
3,C SH,ALEXANDER D,3060.5,118.87,0.394,12.1,20.855,,1,0.132,3.4039299999999986
3,C SH,ALEXANDER D,3061.0,120.98,0.389,8.0,20.965,,1,0.113,3.206249999999999
3,C SH,ALEXANDER D,3061.5,120.17,0.382,8.7,19.085,,1,0.075,3.2952699999999977
3,C SH,ALEXANDER D,3062.0,118.88,0.384,10.7,19.515,,1,0.057,3.376789999999997
3,C SH,ALEXANDER D,3062.5,117.37,0.407,9.4,20.135,,1,0.038,3.2881999999999976
3,C SH,ALEXANDER D,3063.0,112.94,0.438,7.4,21.47,,1,0.019,3.242339999999999
5,C LM,ALEXANDER D,3063.5,104.72,0.468,5.8,22.55,,2,1.0,3.1191199999999992
8,C LM,ALEXANDER D,3064.0,93.17,0.498,5.1,23.07,,2,0.991,3.016159999999997
8,C LM,ALEXANDER D,3064.5,82.73,0.559,5.6,19.8,,2,0.983,3.5693399999999955
8,C LM,ALEXANDER D,3065.0,71.43,0.687,1.3,10.76,,2,0.974,4.17643
8,C LM,ALEXANDER D,3065.5,52.48,0.923,0.9,6.66,,2,0.966,4.161959999999998
8,C LM,ALEXANDER D,3066.0,29.52,0.898,0.6,6.32,,2,0.957,4.293700000000001
8,C LM,ALEXANDER D,3066.5,20.23,0.857,0.6,6.24,,2,0.948,4.388220000000001
6,C LM,ALEXANDER D,3067.0,19.76,0.801,0.6,6.4,,2,0.94,3.843810000000001
6,C LM,ALEXANDER D,3067.5,20.21,0.76,0.8,6.82,,2,0.931,3.9268500000000017
6,C LM,ALEXANDER D,3068.0,21.11,0.721,0.6,8.14,,2,0.922,3.936120000000002
6,C LM,ALEXANDER D,3068.5,28.3,0.78,0.2,9.295,,2,0.914,4.0655800000000015
5,C LM,ALEXANDER D,3069.0,33.2,0.86,2.1,8.725,,2,0.905,3.7541700000000002
8,C LM,ALEXANDER D,3069.5,34.58,0.844,3.6,7.585,,2,0.897,4.585110000000003
8,C LM,ALEXANDER D,3070.0,35.04,0.827,3.5,6.925,,2,0.888,4.479870000000004
8,C LM,ALEXANDER D,3070.5,31.78,0.809,3.7,6.7,,2,0.879,4.520160000000004
6,C LM,ALEXANDER D,3071.0,25.36,0.78,3.8,6.585,,2,0.871,4.161230000000001
6,C LM,ALEXANDER D,3071.5,24.34,0.724,6.0,7.545,,2,0.862,3.848500000000002
7,C LM,ALEXANDER D,3072.0,24.38,0.644,8.0,9.3,,2,0.853,3.5894200000000014
7,C LM,ALEXANDER D,3072.5,25.72,0.601,6.7,10.78,,2,0.845,3.3301799999999986
7,C LM,ALEXANDER D,3073.0,31.28,0.594,6.9,10.86,,2,0.836,3.211799999999998
7,C LM,ALEXANDER D,3073.5,33.13,0.607,6.8,10.785,,2,0.828,3.235809999999998
7,C LM,ALEXANDER D,3074.0,33.13,0.627,5.4,10.165,,2,0.819,3.4831000000000008
7,C LM,ALEXANDER D,3074.5,33.28,0.658,3.3,9.935,,2,0.81,3.6055000000000037
7,C LM,ALEXANDER D,3075.0,35.32,0.697,1.6,9.495,,2,0.802,3.83752
7,C LM,ALEXANDER D,3075.5,39.73,0.732,2.0,8.185,,2,0.793,3.7162299999999995
6,C LM,ALEXANDER D,3076.0,44.71,0.78,3.7,7.35,,2,0.784,4.09627
6,C LM,ALEXANDER D,3076.5,47.02,0.859,4.9,7.025,,2,0.776,4.146819999999999
6,C LM,ALEXANDER D,3077.0,47.48,0.895,6.4,7.11,,2,0.767,4.18769
6,C LM,ALEXANDER D,3077.5,47.67,0.914,6.6,6.95,,2,0.759,4.129079999999998
6,C LM,ALEXANDER D,3078.0,48.06,0.92,6.5,7.035,,2,0.75,4.143629999999999
6,C LM,ALEXANDER D,3078.5,48.06,0.92,6.5,7.035,,2,0.75,4.143629999999999
6,C LM,ALEXANDER D,3079.0,50.2,0.92,6.4,7.17,,2,0.741,4.15029
6,C LM,ALEXANDER D,3079.5,54.42,0.92,6.2,7.405,,2,0.733,4.140039999999999
5,C LM,ALEXANDER D,3080.0,55.8,0.919,5.5,7.825,,2,0.724,4.07126
5,C LM,ALEXANDER D,3080.5,53.94,0.919,4.5,8.11,,2,0.716,4.048560000000002
5,C LM,ALEXANDER D,3081.0,51.81,0.919,3.3,8.435,,2,0.707,3.8681099999999997
5,C LM,ALEXANDER D,3081.5,49.4,0.913,3.0,8.51,,2,0.698,3.7373099999999995
5,C LM,ALEXANDER D,3082.0,47.78,0.913,3.3,8.385,,2,0.69,3.7533299999999996
5,C LM,ALEXANDER D,3082.5,46.95,0.906,4.6,8.06,,2,0.681,3.9018299999999986
5,C LM,ALEXANDER D,3083.0,47.4,0.906,5.2,8.07,,2,0.672,3.9049899999999997
5,C LM,ALEXANDER D,3083.5,48.32,0.9,5.4,8.265,,2,0.664,3.78957
5,C LM,ALEXANDER D,3084.0,49.07,0.897,4.3,9.0,,2,0.655,3.8279600000000022
5,C LM,ALEXANDER D,3084.5,50.13,0.897,2.5,9.66,,2,0.647,3.6637
6,C LM,ALEXANDER D,3085.0,51.38,0.902,3.5,9.08,,2,0.638,3.8719700000000006
6,C LM,ALEXANDER D,3085.5,52.62,0.913,4.7,8.5,,2,0.629,3.8185000000000007
6,C LM,ALEXANDER D,3086.0,54.33,0.925,5.0,8.235,,2,0.621,3.95575
6,C LM,ALEXANDER D,3086.5,56.18,0.937,4.8,8.01,,2,0.612,4.019890000000001
6,C LM,ALEXANDER D,3087.0,57.56,0.942,4.2,8.02,,2,0.603,4.006400000000002
6,C LM,ALEXANDER D,3087.5,59.25,0.942,3.6,8.03,,2,0.595,4.00228
6,C LM,ALEXANDER D,3088.0,61.36,0.942,3.5,8.105,,2,0.586,4.141489999999999
6,C LM,ALEXANDER D,3088.5,63.92,0.936,5.3,7.895,,2,0.578,4.146720000000002
6,C LM,ALEXANDER D,3089.0,67.46,0.932,7.0,7.805,,2,0.569,4.188130000000001
6,C LM,ALEXANDER D,3089.5,72.85,0.907,8.5,7.94,,2,0.56,4.346380000000002
6,C LM,ALEXANDER D,3090.0,84.46,0.879,10.1,8.63,,2,0.552,4.166950000000003
6,C LM,ALEXANDER D,3090.5,98.11,0.843,10.7,9.26,,2,0.543,4.398830000000002
5,C LM,ALEXANDER D,3091.0,115.09,0.816,10.7,9.59,,2,0.534,4.261000000000001
5,C LM,ALEXANDER D,3091.5,128.3,0.792,10.1,9.835,,2,0.526,4.270960000000001
4,C LM,ALEXANDER D,3092.0,128.3,0.792,10.1,9.835,,2,0.526,4.256020000000001
4,C LM,ALEXANDER D,3092.5,141.19,0.781,7.0,10.78,,2,0.517,3.98969
4,C LM,ALEXANDER D,3093.0,168.43,0.781,2.2,12.9,,2,0.509,4.0281600000000015
4,C LM,ALEXANDER D,3093.5,159.61,0.781,1.3,13.73,,2,0.5,4.425100000000003
4,C LM,ALEXANDER D,3094.0,146.35,0.78,2.4,13.675,,2,0.491,3.9459700000000026
4,C LM,ALEXANDER D,3094.5,137.77,0.78,3.2,13.37,,2,0.483,3.8743300000000027
4,C LM,ALEXANDER D,3095.0,110.36,0.78,3.9,13.145,,2,0.474,3.651010000000002
4,C LM,ALEXANDER D,3095.5,93.18,0.78,4.7,13.0,,2,0.466,3.634930000000001
4,C LM,ALEXANDER D,3096.0,78.74,0.778,5.3,12.895,,2,0.457,3.6112200000000017
4,C LM,ALEXANDER D,3096.5,71.43,0.766,5.2,12.635,,2,0.448,3.560860000000001
4,C LM,ALEXANDER D,3097.0,69.7,0.754,4.4,12.68,,2,0.44,3.555550000000001
4,C LM,ALEXANDER D,3097.5,69.01,0.736,4.2,13.25,,2,0.431,3.577430000000001
4,C LM,ALEXANDER D,3098.0,68.54,0.719,4.8,13.905,,2,0.422,3.4999400000000005
4,C LM,ALEXANDER D,3098.5,68.53,0.7,6.0,14.32,,2,0.414,3.522129999999999
4,C LM,ALEXANDER D,3099.0,69.0,0.694,6.6,14.4,,2,0.405,3.5653999999999986
4,C LM,ALEXANDER D,3099.5,69.27,0.687,6.8,14.28,,2,0.397,3.538569999999998
4,C LM,ALEXANDER D,3100.0,69.91,0.68,6.7,14.21,,2,0.388,3.5090499999999976
4,C LM,ALEXANDER D,3100.5,70.99,0.678,6.7,14.48,,2,0.379,3.5005999999999977
4,C LM,ALEXANDER D,3101.0,71.95,0.674,7.0,15.205,,2,0.371,3.4678899999999984
4,C LM,ALEXANDER D,3101.5,73.74,0.672,7.1,15.8,,2,0.362,3.4508999999999963
4,C LM,ALEXANDER D,3102.0,77.33,0.668,6.9,15.985,,2,0.353,3.4541099999999965
4,C LM,ALEXANDER D,3102.5,82.89,0.667,7.1,15.925,,2,0.345,3.4611899999999967
4,C LM,ALEXANDER D,3103.0,91.25,0.667,7.3,15.86,,2,0.336,3.4643199999999985
4,C LM,ALEXANDER D,3103.5,96.66,0.663,7.9,16.08,,2,0.328,3.4662199999999985
4,C LM,ALEXANDER D,3104.0,99.78,0.668,8.5,16.695,,2,0.319,3.5240199999999993
4,C LM,ALEXANDER D,3104.5,100.52,0.698,10.0,16.165,,2,0.31,3.7494699999999983
4,C LM,ALEXANDER D,3105.0,100.52,0.697,10.3,16.085,,2,0.302,3.7691299999999983
4,C LM,ALEXANDER D,3105.5,99.28,0.697,8.1,15.16,,2,0.293,3.6403599999999994
4,C LM,ALEXANDER D,3106.0,96.61,0.697,5.5,14.04,,2,0.284,3.5460500000000006
4,C LM,ALEXANDER D,3106.5,87.87,0.696,3.2,13.055,,2,0.276,3.4248400000000014
6,C LM,ALEXANDER D,3107.0,74.49,0.702,2.2,12.83,,2,0.267,3.499990000000001
6,C LM,ALEXANDER D,3107.5,66.13,0.703,3.6,11.6,,2,0.259,3.5370099999999995
6,C LM,ALEXANDER D,3108.0,67.05,0.72,7.9,11.32,,2,0.25,4.248409999999999
6,C LM,ALEXANDER D,3108.5,75.94,0.687,12.6,12.935,,2,0.241,3.9488000000000003
4,C LM,ALEXANDER D,3109.0,90.7,0.625,15.2,14.45,,2,0.233,3.6067299999999993
2,C LM,ALEXANDER D,3109.5,101.41,0.55,16.8,15.515,,1,0.224,3.63925
2,C LM,ALEXANDER D,3110.0,105.12,0.489,18.2,16.625,,1,0.216,3.6929199999999995
2,C LM,ALEXANDER D,3110.5,107.1,0.43,17.7,17.06,,1,0.207,3.4771399999999995
2,C LM,ALEXANDER D,3111.0,103.88,0.393,14.7,18.785,,1,0.198,3.4539999999999957
2,C LM,ALEXANDER D,3111.5,97.63,0.356,11.6,18.98,,1,0.19,3.293649999999999
8,C LM,ALEXANDER D,3112.0,30.78,0.283,1.3,17.555,,2,0.164,4.962300000000003
8,C LM,ALEXANDER D,3112.5,24.65,0.262,0.8,17.925,,2,0.155,5.104490000000002
8,C LM,ALEXANDER D,3113.0,23.36,0.243,3.9,16.51,,2,0.147,5.18544
8,C LM,ALEXANDER D,3113.5,27.77,0.23,6.6,15.915,,2,0.138,5.3037199999999975
8,C LM,ALEXANDER D,3114.0,32.19,0.238,6.8,15.845,,2,0.129,5.289989999999998
8,C LM,ALEXANDER D,3114.5,36.6,0.243,6.7,15.605,,2,0.121,5.204139999999998
8,C LM,ALEXANDER D,3115.0,41.01,0.253,4.5,15.51,,2,0.112,5.18346
8,C LM,ALEXANDER D,3115.5,45.42,0.265,0.9,14.905,,2,0.103,5.03039
8,C LM,ALEXANDER D,3116.0,49.83,0.288,-1.7,13.62,,2,0.095,5.09876
8,C LM,ALEXANDER D,3116.5,54.24,0.318,-2.7,12.285,,2,0.086,4.423430000000001
8,C LM,ALEXANDER D,3117.0,58.65,0.408,-4.2,10.255,,2,0.078,4.390279999999999
8,C LM,ALEXANDER D,3117.5,63.07,0.66,-3.6,9.37,,2,0.069,4.001050000000001
8,C LM,ALEXANDER D,3118.0,66.12,0.79,-2.9,8.73,,2,0.06,3.9378899999999977
8,C LM,ALEXANDER D,3118.5,67.66,0.878,-2.2,8.325,,2,0.052,4.111500000000001
8,C LM,ALEXANDER D,3119.0,68.34,0.91,-1.8,8.065,,2,0.043,4.085590000000001
8,C LM,ALEXANDER D,3119.5,67.87,0.926,1.8,8.175,,2,0.034,3.9220500000000014
8,C LM,ALEXANDER D,3120.0,66.0,0.928,6.3,8.54,,2,0.026,4.200619999999998
8,C LM,ALEXANDER D,3120.5,67.39,0.898,9.6,9.755,,2,0.017,4.131219999999998
8,C LM,ALEXANDER D,3121.0,76.58,0.85,12.1,10.815,,2,0.009,3.9478199999999966
1,A1 SH,KIMZEY A,2918.5,73.816,0.769,5.226,11.348,,1,1.0,3.3691799999999983
1,A1 SH,KIMZEY A,2919.0,75.118,0.627,8.198,13.164,,1,0.978,3.3551599999999984
1,A1 SH,KIMZEY A,2919.5,72.434,0.535,10.867,15.0755,,1,0.956,3.3935200000000005
2,A1 SH,KIMZEY A,2920.0,66.161,0.568,4.566,16.905,,1,0.933,3.0468199999999994
2,A1 SH,KIMZEY A,2920.5,63.104,0.65,2.083,15.8835,,1,0.911,2.99583
1,A1 SH,KIMZEY A,2921.0,61.708,0.732,4.292,12.036,,1,0.889,3.18074
2,A1 SH,KIMZEY A,2921.5,60.478,0.688,4.236,10.908,,1,0.867,3.30549
1,A1 SH,KIMZEY A,2922.0,58.876,0.683,2.449,12.1045,,1,0.844,3.072139999999999
1,A1 SH,KIMZEY A,2922.5,56.785,0.753,2.311,12.9165,,1,0.822,3.260239999999998
1,A1 SH,KIMZEY A,2923.0,54.551,0.759,0.748,13.147,,1,0.8,3.240129999999998
1,A1 SH,KIMZEY A,2923.5,55.816,0.802,0.101,14.3515,,1,0.778,3.3387099999999976
3,A1 SH,KIMZEY A,2924.0,59.263,0.759,0.936,16.575,,1,0.756,3.515289999999997
3,A1 SH,KIMZEY A,2924.5,62.969,0.421,1.513,17.7715,,1,0.733,2.7290699999999983
1,A1 SH,KIMZEY A,2925.0,65.403,0.33,5.722,23.48,,1,0.711,2.6862399999999993
3,A1 SH,KIMZEY A,2925.5,67.745,0.285,6.988,25.213,,1,0.689,2.851139999999999
3,A1 SH,KIMZEY A,2926.0,68.45,0.35,5.392,27.221,,1,0.667,2.7852199999999994
3,A1 SH,KIMZEY A,2926.5,68.727,0.475,5.888,30.11,,1,0.644,2.75413
2,A1 SH,KIMZEY A,2927.0,66.604,0.677,11.995,16.2725,,1,0.622,3.3071399999999995
2,A1 SH,KIMZEY A,2927.5,63.92,0.721,7.923,12.4755,,1,0.6,3.50719
2,A1 SH,KIMZEY A,2928.0,58.267,0.737,7.923,10.7705,,1,0.578,3.6325699999999994
2,A1 SH,KIMZEY A,2928.5,56.916,0.677,6.987,9.7525,,1,0.556,3.631950000000001
2,A1 SH,KIMZEY A,2929.0,56.618,0.65,6.492,9.395,,1,0.533,3.5942400000000014
2,A1 SH,KIMZEY A,2929.5,60.636,0.639,6.602,10.055,,1,0.511,3.6002600000000022
3,A1 SH,KIMZEY A,2930.0,61.96,0.606,6.602,10.495,,1,0.489,3.5465800000000005
3,A1 SH,KIMZEY A,2930.5,64.962,0.59,6.328,11.293,,1,0.467,3.285629999999999
3,A1 SH,KIMZEY A,2931.0,67.517,0.563,7.098,12.118,,1,0.444,3.28768
3,A1 SH,KIMZEY A,2931.5,68.959,0.552,8.308,12.118,,1,0.422,3.3295299999999974
3,A1 SH,KIMZEY A,2932.0,66.302,0.552,8.473,11.7055,,1,0.4,3.4353499999999992
3,A1 SH,KIMZEY A,2932.5,61.404,0.59,8.033,10.9355,,1,0.378,3.4908699999999993
2,A1 SH,KIMZEY A,2933.0,56.906,0.623,6.217,10.4675,,1,0.356,3.5615600000000027
2,A1 SH,KIMZEY A,2933.5,55.656,0.655,5.612,11.045,,1,0.333,3.354409999999998
2,A1 SH,KIMZEY A,2934.0,55.94,0.639,6.218,11.678,,1,0.311,3.45177
2,A1 SH,KIMZEY A,2934.5,58.334,0.617,8.143,13.0815,,1,0.289,3.4774900000000017
2,A1 SH,KIMZEY A,2935.0,59.547,0.59,9.793,14.0715,,1,0.267,3.4489599999999996
2,A1 SH,KIMZEY A,2935.5,62.762,0.601,9.958,14.154,,1,0.244,3.4572499999999997
2,A1 SH,KIMZEY A,2936.0,65.695,0.633,9.408,13.549,,1,0.222,3.5222000000000007
2,A1 SH,KIMZEY A,2936.5,70.578,0.633,10.399,11.5135,,1,0.2,3.4701800000000005
2,A1 SH,KIMZEY A,2937.0,73.069,0.601,10.206,11.499,,1,0.178,3.5035900000000013
3,A1 SH,KIMZEY A,2937.5,74.041,0.623,10.894,12.091,,1,0.156,3.563019999999998
3,A1 SH,KIMZEY A,2938.0,74.037,0.732,11.389,12.6135,,1,0.133,3.5491199999999967
3,A1 SH,KIMZEY A,2938.5,72.422,0.737,12.27,13.329,,1,0.111,3.5283099999999994
3,A1 SH,KIMZEY A,2939.0,71.318,0.532,12.819,15.3095,,1,0.089,3.5810000000000026
3,A1 SH,KIMZEY A,2939.5,68.421,0.432,12.6,16.41,,1,0.067,3.2759599999999995
3,A1 SH,KIMZEY A,2940.0,66.15,0.443,15.571,18.9405,,1,0.044,3.2884700000000002
3,A1 SH,KIMZEY A,2940.5,60.517,0.525,14.47,20.096,,1,0.022,3.5114700000000023
6,A1 LM,KIMZEY A,2941.0,57.391,0.653,9.262,18.024,,1,1.0,3.6467499999999973
8,A1 LM,KIMZEY A,2941.5,47.916,0.819,15.681,13.4935,,2,0.988,3.7702599999999977
8,A1 LM,KIMZEY A,2942.0,38.771,0.966,11.664,12.311,,2,0.976,3.866619999999998
8,A1 LM,KIMZEY A,2942.5,34.811,1.184,5.178,7.796,,2,0.964,4.407259999999998
8,A1 LM,KIMZEY A,2943.0,34.846,1.364,3.576,6.176,,2,0.952,4.190799999999998
8,A1 LM,KIMZEY A,2943.5,39.206,1.402,1.981,6.5885,,2,0.94,4.342099999999996
8,A1 LM,KIMZEY A,2944.0,42.445,1.429,2.421,6.0935,,2,0.929,4.379319999999996
8,A1 LM,KIMZEY A,2944.5,44.914,1.445,3.425,5.5915,,2,0.917,4.395929999999998
8,A1 LM,KIMZEY A,2945.0,41.339,1.462,4.787,5.2405,,2,0.905,4.7030899999999995
8,A1 LM,KIMZEY A,2945.5,36.036,1.435,6.052,5.048,,2,0.893,4.740619999999997
6,A1 LM,KIMZEY A,2946.0,34.817,1.326,7.702,4.663,,2,0.881,4.564179999999997
6,A1 LM,KIMZEY A,2946.5,36.339,1.054,8.914,5.103,,2,0.869,4.243199999999997
6,A1 LM,KIMZEY A,2947.0,41.035,0.857,10.619,6.6165,,2,0.857,4.23252
6,A1 LM,KIMZEY A,2947.5,44.711,0.791,11.499,7.5515,,2,0.845,3.9790599999999996
5,A1 LM,KIMZEY A,2948.0,49.27,0.742,12.105,8.7895,,2,0.833,3.835370000000001
5,A1 LM,KIMZEY A,2948.5,50.791,0.721,14.415,8.7895,,2,0.821,3.818220000000001
5,A1 LM,KIMZEY A,2949.0,54.86,0.715,13.093,9.8355,,2,0.81,3.8683200000000024
5,A1 LM,KIMZEY A,2949.5,59.829,0.721,12.104,10.55,,2,0.798,3.873850000000001
5,A1 LM,KIMZEY A,2950.0,62.092,0.764,11.884,10.66,,2,0.786,3.95399
5,A1 LM,KIMZEY A,2950.5,65.692,0.906,11.664,10.66,,2,0.774,4.109849999999998
6,A1 LM,KIMZEY A,2951.0,74.874,1.042,9.188,9.312,,2,0.762,4.29767
6,A1 LM,KIMZEY A,2951.5,80.549,1.108,9.354,7.139,,2,0.75,4.48763
6,A1 LM,KIMZEY A,2952.0,86.97,1.282,7.703,5.4605,,2,0.738,4.489239999999996
6,A1 LM,KIMZEY A,2952.5,95.071,1.234,6.045,5.9875,,2,0.726,4.4973100000000015
5,A1 LM,KIMZEY A,2953.0,116.632,1.129,7.978,8.597,,2,0.714,4.271979999999999
5,A1 LM,KIMZEY A,2953.5,133.545,0.988,8.908,9.948,,2,0.702,4.0854199999999965
5,A1 LM,KIMZEY A,2954.0,126.67,0.879,10.686,10.269,,2,0.69,4.053499999999999
5,A1 LM,KIMZEY A,2954.5,116.684,0.911,12.789,10.5935,,2,0.679,4.161119999999998
8,A1 LM,KIMZEY A,2955.0,81.969,0.993,12.654,10.33,,2,0.667,4.323699999999999
8,A1 LM,KIMZEY A,2955.5,60.123,1.124,9.299,10.5775,,2,0.655,4.376939999999998
8,A1 LM,KIMZEY A,2956.0,43.495,1.173,5.605,10.3335,,2,0.643,5.06033
8,A1 LM,KIMZEY A,2956.5,31.575,1.184,1.541,10.6055,,2,0.631,4.661990000000001
8,A1 LM,KIMZEY A,2957.0,27.186,1.118,0.66,10.55,,2,0.619,4.671260000000003
8,A1 LM,KIMZEY A,2957.5,25.622,1.037,-0.55,9.945,,2,0.607,4.802430000000002
8,A1 LM,KIMZEY A,2958.0,25.513,1.02,-0.66,9.285,,2,0.595,4.806790000000001
8,A1 LM,KIMZEY A,2958.5,28.526,1.189,-0.716,8.542,,2,0.583,4.7105
6,A1 LM,KIMZEY A,2959.0,31.004,1.244,-0.495,7.8265,,2,0.571,4.159040000000001
6,A1 LM,KIMZEY A,2959.5,33.895,1.358,1.678,7.098,,2,0.56,4.360899999999999
6,A1 LM,KIMZEY A,2960.0,36.256,1.369,3.686,6.616,,2,0.548,4.316479999999999
6,A1 LM,KIMZEY A,2960.5,39.527,1.168,5.821,7.0235,,2,0.536,4.350959999999998
6,A1 LM,KIMZEY A,2961.0,44.079,1.079,6.492,7.414,,2,0.524,4.393349999999999
4,A1 LM,KIMZEY A,2961.5,47.828,0.979,7.043,9.1745,,2,0.512,4.42142
4,A1 LM,KIMZEY A,2962.0,50.19,0.849,7.125,10.6465,,2,0.5,3.8920100000000017
4,A1 LM,KIMZEY A,2962.5,53.066,0.748,7.923,11.5955,,2,0.488,4.1278
4,A1 LM,KIMZEY A,2963.0,55.379,0.726,10.014,13.136,,2,0.476,3.943730000000001
4,A1 LM,KIMZEY A,2963.5,56.364,0.721,10.564,13.356,,2,0.464,3.960730000000002
4,A1 LM,KIMZEY A,2964.0,57.217,0.721,11.775,13.5215,,2,0.452,3.962900000000002
4,A1 LM,KIMZEY A,2964.5,58.159,0.737,11.5,14.154,,2,0.44,3.8773700000000004
4,A1 LM,KIMZEY A,2965.0,59.694,0.753,10.674,14.732,,2,0.429,3.9085900000000002
4,A1 LM,KIMZEY A,2965.5,60.91,0.802,11.829,13.2185,,2,0.417,4.086850000000003
4,A1 LM,KIMZEY A,2966.0,62.221,0.773,13.068,12.93,,2,0.405,4.173120000000003
4,A1 LM,KIMZEY A,2966.5,63.505,0.736,12.545,13.1365,,2,0.393,4.066120000000002
4,A1 LM,KIMZEY A,2967.0,63.869,0.708,11.774,13.081,,2,0.381,3.827469999999999
4,A1 LM,KIMZEY A,2967.5,64.143,0.677,11.983,12.2065,,2,0.369,3.8053099999999973
4,A1 LM,KIMZEY A,2968.0,62.938,0.655,11.593,11.2465,,2,0.357,3.7682099999999985
4,A1 LM,KIMZEY A,2968.5,61.374,0.737,10.454,11.541,,2,0.345,4.181100000000002
4,A1 LM,KIMZEY A,2969.0,57.433,0.862,8.389,11.9675,,2,0.333,4.22209
4,A1 LM,KIMZEY A,2969.5,56.131,0.819,7.042,12.476,,2,0.321,3.94635
4,A1 LM,KIMZEY A,2970.0,52.54,0.796,9.133,11.1555,,2,0.31,4.243379999999999
4,A1 LM,KIMZEY A,2970.5,51.223,0.89,9.684,10.55,,2,0.298,4.339329999999999
4,A1 LM,KIMZEY A,2971.0,50.608,0.873,9.959,9.5875,,2,0.286,4.309010000000003
4,A1 LM,KIMZEY A,2971.5,50.08,0.906,8.309,9.9175,,2,0.274,4.306260000000002
4,A1 LM,KIMZEY A,2972.0,49.589,0.939,6.767,10.2475,,2,0.262,4.1092900000000006
4,A1 LM,KIMZEY A,2972.5,48.466,0.955,6.193,10.7305,,2,0.25,3.7581599999999993
4,A1 LM,KIMZEY A,2973.0,47.694,0.96,7.483,10.2755,,2,0.238,4.233510000000001
4,A1 LM,KIMZEY A,2973.5,48.353,0.966,7.317,10.0825,,2,0.226,4.202860000000002
4,A1 LM,KIMZEY A,2974.0,49.337,0.83,4.731,11.0455,,2,0.214,3.522759999999999
4,A1 LM,KIMZEY A,2974.5,55.521,0.797,6.185,12.3225,,2,0.202,3.7956600000000003
4,A1 LM,KIMZEY A,2975.0,58.802,0.759,8.859,12.5035,,2,0.19,4.1012600000000035
4,A1 LM,KIMZEY A,2975.5,62.155,0.715,11.98,13.143,,2,0.179,3.945310000000002
4,A1 LM,KIMZEY A,2976.0,62.962,0.71,12.81,12.107,,2,0.167,4.026209999999999
4,A1 LM,KIMZEY A,2976.5,61.659,0.824,12.711,11.2385,,2,0.155,4.25269
4,A1 LM,KIMZEY A,2977.0,60.723,0.917,12.544,10.275,,2,0.143,4.316549999999998
4,A1 LM,KIMZEY A,2977.5,63.254,0.988,10.014,9.725,,2,0.131,4.447800000000002
4,A1 LM,KIMZEY A,2978.0,67.182,1.026,10.234,8.294,,2,0.119,4.416769999999998
5,A1 LM,KIMZEY A,2978.5,70.126,1.086,8.528,7.827,,2,0.107,4.4056599999999975
5,A1 LM,KIMZEY A,2979.0,72.706,1.178,6.822,7.194,,2,0.095,4.275939999999998
6,A1 LM,KIMZEY A,2979.5,70.559,1.222,6.245,5.9145,,2,0.083,4.436789999999998
6,A1 LM,KIMZEY A,2980.0,70.829,1.249,3.686,5.846,,2,0.071,4.582869999999999
8,A1 LM,KIMZEY A,2980.5,74.178,1.249,3.411,5.7635,,2,0.06,4.447270000000002
8,A1 LM,KIMZEY A,2981.0,75.855,1.249,3.73,6.253,,2,0.048,4.536290000000003
8,A1 LM,KIMZEY A,2981.5,74.898,1.227,2.434,7.916,,2,0.036,4.3736900000000025
8,A1 LM,KIMZEY A,2982.0,75.331,1.178,3.659,8.5285,,2,0.024,4.421600000000003
8,A1 LM,KIMZEY A,2982.5,76.272,0.988,5.062,8.459,,2,0.012,4.578590000000002
3,B1 SH,KIMZEY A,2983.0,82.485,0.79,7.788,10.978,,1,1.0,3.8371100000000014
3,B1 SH,KIMZEY A,2983.5,83.761,0.732,11.664,14.787,,1,0.96,3.294679999999999
3,B1 SH,KIMZEY A,2984.0,82.284,0.557,14.572,18.395,,1,0.92,3.4571000000000014
3,B1 SH,KIMZEY A,2984.5,79.657,0.557,13.15,21.582,,1,0.88,3.4497100000000014
3,B1 SH,KIMZEY A,2985.0,77.044,0.606,13.932,21.356,,1,0.84,3.331039999999999
3,B1 SH,KIMZEY A,2985.5,71.624,0.677,12.646,20.172,,1,0.8,3.305599999999998
3,B1 SH,KIMZEY A,2986.0,68.35,0.635,10.998,18.806,,1,0.76,3.2810999999999972
3,B1 SH,KIMZEY A,2986.5,61.636,0.595,7.648,16.575,,1,0.72,3.3040299999999996
2,B1 SH,KIMZEY A,2987.0,60.02,0.666,11.341,15.0105,,1,0.68,3.4127599999999996
2,B1 SH,KIMZEY A,2987.5,57.334,0.74,15.736,13.301,,1,0.64,3.6816099999999974
2,B1 SH,KIMZEY A,2988.0,51.604,0.82,8.804,15.172,,1,0.6,3.72411
2,B1 SH,KIMZEY A,2988.5,47.143,0.888,7.212,12.611,,1,0.56,3.735239999999999
2,B1 SH,KIMZEY A,2989.0,44.586,0.966,4.979,9.4085,,1,0.52,4.09235
2,B1 SH,KIMZEY A,2989.5,45.435,0.96,3.301,9.1195,,1,0.48,4.01054
2,B1 SH,KIMZEY A,2990.0,44.447,0.911,3.906,8.267,,1,0.44,4.0635200000000005
2,B1 SH,KIMZEY A,2990.5,44.343,0.884,5.595,7.4505,,1,0.4,4.107500000000001
2,B1 SH,KIMZEY A,2991.0,46.069,0.868,7.647,7.3315,,1,0.36,3.9478099999999996
2,B1 SH,KIMZEY A,2991.5,48.61,0.868,6.273,8.8995,,1,0.32,3.86856
2,B1 SH,KIMZEY A,2992.0,49.756,0.911,8.467,9.0675,,1,0.28,3.9363599999999974
2,B1 SH,KIMZEY A,2992.5,49.709,0.862,9.998,8.962,,1,0.24,3.85227
2,B1 SH,KIMZEY A,2993.0,49.673,0.795,11.664,9.505,,1,0.2,3.809940000000001
2,B1 SH,KIMZEY A,2993.5,49.554,0.704,11.38,11.298,,1,0.16,3.6104200000000004
2,B1 SH,KIMZEY A,2994.0,46.149,0.748,10.328,12.154,,1,0.12,3.6379299999999994
2,B1 SH,KIMZEY A,2994.5,43.622,0.793,8.143,12.2555,,1,0.08,3.74464
2,B1 SH,KIMZEY A,2995.0,36.663,0.873,7.538,10.743,,1,0.04,3.87749
5,B1 LM,KIMZEY A,2995.5,30.458,0.944,8.254,9.89,,2,1.0,4.18552
8,B1 LM,KIMZEY A,2996.0,23.578,0.988,9.243,8.6795,,2,0.973,4.047759999999999
8,B1 LM,KIMZEY A,2996.5,15.887,1.031,6.786,8.533,,2,0.946,4.534010000000002
8,B1 LM,KIMZEY A,2997.0,13.839,1.075,3.081,8.0195,,2,0.919,5.085009999999995
8,B1 LM,KIMZEY A,2997.5,13.488,1.124,1.761,7.9645,,2,0.892,5.068529999999997
8,B1 LM,KIMZEY A,2998.0,14.872,1.353,0.715,7.8265,,2,0.865,4.988139999999998
8,B1 LM,KIMZEY A,2998.5,15.609,1.429,-0.22,8.184,,2,0.838,4.9707399999999975
8,B1 LM,KIMZEY A,2999.0,16.399,1.293,-0.78,8.959,,2,0.811,5.142329999999998
8,B1 LM,KIMZEY A,2999.5,16.823,1.019,0.623,10.8235,,2,0.784,5.189040000000001
8,B1 LM,KIMZEY A,3000.0,17.222,0.672,0.44,12.696,,2,0.757,4.99181
8,B1 LM,KIMZEY A,3000.5,18.517,0.672,0.357,13.3425,,2,0.73,4.567509999999998
8,B1 LM,KIMZEY A,3001.0,19.516,0.737,3.796,11.953,,2,0.703,5.019369999999998
8,B1 LM,KIMZEY A,3001.5,20.442,0.926,2.035,10.0275,,2,0.676,4.902310000000002
8,B1 LM,KIMZEY A,3002.0,24.152,1.064,0.908,8.253,,2,0.649,4.7510200000000005
8,B1 LM,KIMZEY A,3002.5,26.727,1.037,2.586,6.671,,2,0.622,4.526400000000001
5,B1 LM,KIMZEY A,3003.0,30.452,0.982,4.457,5.5155,,2,0.595,4.4707
5,B1 LM,KIMZEY A,3003.5,31.861,0.971,4.841,5.8185,,2,0.568,4.477469999999999
5,B1 LM,KIMZEY A,3004.0,31.738,1.138,4.401,6.3135,,2,0.541,4.42802
6,B1 LM,KIMZEY A,3004.5,29.468,1.245,3.329,6.2995,,2,0.514,4.6075399999999975
6,B1 LM,KIMZEY A,3005.0,27.071,1.331,2.036,6.066,,2,0.486,4.523949999999998
6,B1 LM,KIMZEY A,3005.5,26.809,1.385,0.881,6.2585,,2,0.459,4.569219999999999
6,B1 LM,KIMZEY A,3006.0,27.558,1.304,0.881,6.2585,,2,0.432,4.576429999999999
6,B1 LM,KIMZEY A,3006.5,28.052,1.304,3.246,6.011,,2,0.405,4.828479999999996
6,B1 LM,KIMZEY A,3007.0,26.961,1.375,3.357,6.2585,,2,0.378,5.157629999999996
6,B1 LM,KIMZEY A,3007.5,25.043,1.32,4.347,7.0015,,2,0.351,4.970009999999997
8,B1 LM,KIMZEY A,3008.0,24.733,1.231,5.172,8.074,,2,0.324,5.3721200000000024
8,B1 LM,KIMZEY A,3008.5,25.028,1.104,5.007,9.6425,,2,0.297,4.936120000000002
8,B1 LM,KIMZEY A,3009.0,27.922,0.922,5.557,11.0175,,2,0.27,4.867480000000001
8,B1 LM,KIMZEY A,3009.5,35.886,0.791,5.254,11.527,,2,0.243,4.7212499999999995
8,B1 LM,KIMZEY A,3010.0,40.984,0.871,5.558,11.293,,2,0.216,4.829520000000001
8,B1 LM,KIMZEY A,3010.5,47.502,0.976,5.227,10.5225,,2,0.189,4.614249999999999
8,B1 LM,KIMZEY A,3011.0,54.884,1.042,3.961,9.2845,,2,0.162,4.397650000000003
8,B1 LM,KIMZEY A,3011.5,71.764,1.097,4.071,8.1845,,2,0.135,4.530460000000002
8,B1 LM,KIMZEY A,3012.0,80.974,1.037,3.768,7.978,,2,0.108,4.2778800000000015
8,B1 LM,KIMZEY A,3012.5,81.694,0.971,5.378,9.388,,2,0.081,4.560429999999999
8,B1 LM,KIMZEY A,3013.0,81.769,0.819,6.163,11.2105,,2,0.054,3.7306399999999966
8,B1 LM,KIMZEY A,3013.5,77.668,0.71,6.438,13.989,,2,0.027,3.464099999999996
3,B2 SH,KIMZEY A,3014.0,74.262,0.573,10.729,15.9145,,1,1.0,3.44242
3,B2 SH,KIMZEY A,3014.5,71.388,0.497,15.984,18.322,,1,0.929,3.6218200000000014
3,B2 SH,KIMZEY A,3015.0,70.555,0.306,17.937,19.8485,,1,0.857,3.201710000000001
3,B2 SH,KIMZEY A,3015.5,74.138,0.422,14.525,22.5445,,1,0.786,3.2956799999999986
3,B2 SH,KIMZEY A,3016.0,72.583,0.494,14.968,20.73,,1,0.714,3.777000000000001
3,B2 SH,KIMZEY A,3016.5,68.824,0.556,10.203,21.3735,,1,0.643,3.394179999999998
3,B2 SH,KIMZEY A,3017.0,65.282,0.628,9.904,19.271,,1,0.571,3.332849999999999
3,B2 SH,KIMZEY A,3017.5,60.532,0.71,10.729,14.0445,,1,0.5,3.5155399999999988
3,B2 SH,KIMZEY A,3018.0,57.217,0.879,9.794,12.531,,1,0.429,3.6737599999999992
3,B2 SH,KIMZEY A,3018.5,55.096,0.911,6.272,10.495,,1,0.357,3.832930000000001
3,B2 SH,KIMZEY A,3019.0,52.36,0.78,7.521,10.5145,,1,0.286,3.93885
2,B2 SH,KIMZEY A,3019.5,51.351,0.737,9.051,10.8395,,1,0.214,3.663070000000001
2,B2 SH,KIMZEY A,3020.0,48.562,0.764,11.775,11.0455,,1,0.143,3.6865300000000008
2,B2 SH,KIMZEY A,3020.5,43.998,0.922,10.048,12.184,,1,0.071,3.6749600000000004
5,B2 LM,KIMZEY A,3021.0,39.7,1.046,5.943,11.4305,,2,1.0,3.827169999999999
5,B2 LM,KIMZEY A,3021.5,35.864,1.151,7.483,6.3135,,2,0.955,4.16146
5,B2 LM,KIMZEY A,3022.0,28.812,1.276,5.474,4.484,,2,0.909,4.85962
8,B2 LM,KIMZEY A,3022.5,24.317,1.381,6.163,3.6725,,2,0.864,4.685039999999999
8,B2 LM,KIMZEY A,3023.0,20.368,1.528,4.071,3.9475,,2,0.818,5.06832
8,B2 LM,KIMZEY A,3023.5,18.842,1.734,3.301,3.8375,,2,0.773,5.309350000000002
8,B2 LM,KIMZEY A,3024.0,19.376,1.8,4.236,3.095,,2,0.727,5.504279999999999
8,B2 LM,KIMZEY A,3024.5,20.95,1.794,4.952,2.792,,2,0.682,5.296910000000001
8,B2 LM,KIMZEY A,3025.0,22.348,1.762,5.777,3.0945,,2,0.636,5.298400000000003
8,B2 LM,KIMZEY A,3025.5,30.047,1.625,2.925,5.0715,,2,0.591,4.433610000000001
8,B2 LM,KIMZEY A,3026.0,33.171,1.517,1.596,6.011,,2,0.545,4.4047
8,B2 LM,KIMZEY A,3026.5,37.235,1.373,2.972,7.359,,2,0.5,4.401149999999998
8,B2 LM,KIMZEY A,3027.0,37.768,1.255,3.934,7.813,,2,0.455,4.588129999999996
8,B2 LM,KIMZEY A,3027.5,33.443,1.206,6.382,7.579,,2,0.409,4.750109999999998
8,B2 LM,KIMZEY A,3028.0,33.3,0.974,7.097,7.6065,,2,0.364,4.713799999999998
8,B2 LM,KIMZEY A,3028.5,35.489,0.846,7.592,7.469,,2,0.318,4.410449999999999
8,B2 LM,KIMZEY A,3029.0,37.509,0.931,7.813,6.5885,,2,0.273,4.628020000000001
5,B2 LM,KIMZEY A,3029.5,40.634,0.971,7.18,6.107,,2,0.227,4.830679999999998
5,B2 LM,KIMZEY A,3030.0,43.743,1.102,4.842,6.644,,2,0.182,4.881349999999998
5,B2 LM,KIMZEY A,3030.5,48.963,1.184,6.163,5.8185,,2,0.136,4.534969999999996
6,B2 LM,KIMZEY A,3031.0,51.045,1.249,6.878,6.011,,2,0.091,4.686669999999998
6,B2 LM,KIMZEY A,3031.5,53.929,0.987,8.797,7.5755,,2,0.045,4.458219999999999
5,B2 LM,KIMZEY A,3032.0,61.399,0.825,11.41,8.992,,2,0.01,4.17836
3,B3 SH,KIMZEY A,3032.5,61.399,0.825,11.41,8.992,,1,1.0,3.98278
3,B3 SH,KIMZEY A,3033.0,71.921,0.677,14.285,11.3765,,1,0.955,3.6380000000000012
3,B3 SH,KIMZEY A,3033.5,73.821,0.464,16.695,15.1565,,1,0.909,3.396960000000001
2,B3 SH,KIMZEY A,3034.0,73.681,0.464,15.075,16.7675,,1,0.864,3.39677
2,B3 SH,KIMZEY A,3034.5,71.35,0.579,12.033,16.2915,,1,0.818,3.3273499999999983
2,B3 SH,KIMZEY A,3035.0,69.416,0.683,8.831,15.0205,,1,0.773,3.1921599999999986
2,B3 SH,KIMZEY A,3035.5,67.261,0.764,9.978,10.678,,1,0.727,3.6540399999999975
2,B3 SH,KIMZEY A,3036.0,64.868,0.819,11.012,9.611,,1,0.682,3.6791599999999995
2,B3 SH,KIMZEY A,3036.5,62.321,0.762,12.214,9.56,,1,0.636,3.7411600000000003
2,B3 SH,KIMZEY A,3037.0,62.074,0.753,10.6,10.312,,1,0.591,3.6655599999999997
2,B3 SH,KIMZEY A,3037.5,61.119,0.748,8.198,10.605,,1,0.545,3.700140000000001
2,B3 SH,KIMZEY A,3038.0,61.291,0.742,7.703,10.7155,,1,0.5,3.6611399999999996
2,B3 SH,KIMZEY A,3038.5,63.942,0.737,9.124,10.5,,1,0.455,3.6339699999999984
2,B3 SH,KIMZEY A,3039.0,65.728,0.721,10.069,10.6325,,1,0.409,3.5826299999999964
2,B3 SH,KIMZEY A,3039.5,67.095,0.699,10.729,11.0725,,1,0.364,3.6541299999999954
2,B3 SH,KIMZEY A,3040.0,64.452,0.661,10.179,11.6505,,1,0.318,3.575559999999997
2,B3 SH,KIMZEY A,3040.5,62.594,0.721,10.014,12.036,,1,0.273,3.5539399999999977
3,B3 SH,KIMZEY A,3041.0,60.872,0.791,9.959,12.3385,,1,0.227,3.581549999999999
3,B3 SH,KIMZEY A,3041.5,60.841,0.685,11.101,13.2395,,1,0.182,3.541599999999999
3,B3 SH,KIMZEY A,3042.0,59.067,0.525,11.829,16.0245,,1,0.136,3.746080000000001
2,B3 SH,KIMZEY A,3042.5,53.585,0.519,12.957,16.9465,,1,0.091,3.648340000000001
2,B3 SH,KIMZEY A,3043.0,40.166,0.869,12.325,17.1525,,1,0.045,3.429670000000001
8,B3 LM,KIMZEY A,3043.5,24.969,1.018,10.566,18.142,,2,1.0,3.875119999999999
8,B3 LM,KIMZEY A,3044.0,18.534,1.124,8.639,12.7235,,2,0.929,4.44976
8,B3 LM,KIMZEY A,3044.5,16.033,0.9,11.389,11.7885,,2,0.857,4.522370000000001
7,B3 LM,KIMZEY A,3045.0,16.449,0.76,12.193,12.8625,,2,0.786,3.7938300000000016
7,B3 LM,KIMZEY A,3045.5,19.393,0.557,15.196,15.332,,2,0.714,3.3393199999999985
7,B3 LM,KIMZEY A,3046.0,20.225,0.41,16.892,16.96,,2,0.643,3.6564699999999974
7,B3 LM,KIMZEY A,3046.5,21.419,0.404,18.267,16.3275,,2,0.571,3.6513999999999966
7,B3 LM,KIMZEY A,3047.0,24.123,0.459,18.817,15.6675,,2,0.5,3.6379199999999963
7,B3 LM,KIMZEY A,3047.5,25.921,0.628,16.699,14.3325,,2,0.429,3.426919999999999
7,B3 LM,KIMZEY A,3048.0,27.676,0.486,14.91,13.659,,2,0.357,3.564999999999998
7,B3 LM,KIMZEY A,3048.5,31.915,0.508,14.317,12.8555,,2,0.286,3.4620699999999993
7,B3 LM,KIMZEY A,3049.0,34.768,0.584,12.38,11.513,,2,0.214,3.6690899999999984
7,B3 LM,KIMZEY A,3049.5,41.164,0.623,10.124,10.385,,2,0.143,3.8448700000000002
7,B3 LM,KIMZEY A,3050.0,45.517,0.693,8.886,8.803,,2,0.071,4.21666
3,B4 SH,KIMZEY A,3050.5,54.149,0.699,7.648,8.652,,1,1.0,4.134309999999998
2,B4 SH,KIMZEY A,3051.0,58.366,0.688,7.373,8.7895,,1,0.944,3.8355499999999996
2,B4 SH,KIMZEY A,3051.5,61.994,0.797,6.988,9.147,,1,0.889,3.7930999999999995
2,B4 SH,KIMZEY A,3052.0,65.071,0.83,7.593,10.2755,,1,0.833,3.729430000000002
2,B4 SH,KIMZEY A,3052.5,67.312,0.753,9.133,11.4305,,1,0.778,3.5662900000000004
2,B4 SH,KIMZEY A,3053.0,67.322,0.65,11.279,11.7335,,1,0.722,3.628479999999996
2,B4 SH,KIMZEY A,3053.5,63.599,0.612,14.085,11.4305,,1,0.667,3.6688099999999997
2,B4 SH,KIMZEY A,3054.0,59.174,0.584,14.46,11.848,,1,0.611,3.8010599999999983
2,B4 SH,KIMZEY A,3054.5,56.467,0.59,10.747,10.3515,,1,0.556,3.8155299999999994
2,B4 SH,KIMZEY A,3055.0,55.051,0.672,8.844,9.76,,1,0.5,3.7777099999999986
2,B4 SH,KIMZEY A,3055.5,55.424,0.715,9.346,10.161,,1,0.444,3.7630099999999986
2,B4 SH,KIMZEY A,3056.0,58.234,0.808,10.133,10.8845,,1,0.389,3.670469999999999
2,B4 SH,KIMZEY A,3056.5,62.702,0.824,10.37,11.884,,1,0.333,3.600149999999997
2,B4 SH,KIMZEY A,3057.0,65.107,0.715,10.388,12.993,,1,0.278,3.5704099999999968
2,B4 SH,KIMZEY A,3057.5,65.898,0.53,11.995,14.6215,,1,0.222,3.68029
2,B4 SH,KIMZEY A,3058.0,63.371,0.415,16.341,17.2355,,1,0.167,3.2513399999999986
3,B4 SH,KIMZEY A,3058.5,56.834,0.575,19.257,16.6575,,1,0.111,3.4087699999999996
3,B4 SH,KIMZEY A,3059.0,44.687,0.753,13.784,14.456,,1,0.056,3.6061199999999998
5,B4 LM,KIMZEY A,3059.5,31.567,0.939,7.263,11.8155,,2,1.0,3.8792699999999987
8,B4 LM,KIMZEY A,3060.0,23.967,1.39,5.667,4.6905,,2,0.909,4.988680000000002
8,B4 LM,KIMZEY A,3060.5,22.997,1.642,5.282,3.287,,2,0.818,5.087600000000001
8,B4 LM,KIMZEY A,3061.0,26.018,1.642,4.279,4.5215,,2,0.727,5.083840000000002
8,B4 LM,KIMZEY A,3061.5,27.233,1.429,5.515,4.7795,,2,0.636,5.309530000000002
8,B4 LM,KIMZEY A,3062.0,29.239,1.312,6.446,5.19,,2,0.545,4.748640000000001
5,B4 LM,KIMZEY A,3062.5,31.972,1.15,6.162,6.424,,2,0.455,4.7499499999999975
5,B4 LM,KIMZEY A,3063.0,35.527,1.016,7.978,7.882,,2,0.364,4.723909999999998
5,B4 LM,KIMZEY A,3063.5,39.981,0.923,7.208,9.477,,2,0.273,4.178340000000001
5,B4 LM,KIMZEY A,3064.0,47.38,0.805,6.603,10.8255,,2,0.182,3.61948
5,B4 LM,KIMZEY A,3064.5,52.479,0.666,7.642,12.781,,2,0.091,3.7163199999999996
3,B5 SH,KIMZEY A,3065.0,58.378,0.562,5.337,15.0895,,1,1.0,3.31499
3,B5 SH,KIMZEY A,3065.5,58.378,0.562,5.337,15.0895,,1,1.0,3.31499
3,B5 SH,KIMZEY A,3066.0,66.469,0.454,7.923,20.0135,,1,0.875,3.197690000000001
3,B5 SH,KIMZEY A,3066.5,69.387,0.388,10.894,22.82,,1,0.75,3.1453799999999976
3,B5 SH,KIMZEY A,3067.0,70.043,0.38,11.279,23.3425,,1,0.625,3.107319999999998
3,B5 SH,KIMZEY A,3067.5,64.826,0.372,11.334,22.875,,1,0.5,3.1200999999999994
3,B5 SH,KIMZEY A,3068.0,59.546,0.383,9.409,22.6825,,1,0.375,3.0432299999999985
3,B5 SH,KIMZEY A,3068.5,53.408,0.41,9.959,21.3065,,1,0.25,3.2121999999999997
3,B5 SH,KIMZEY A,3069.0,48.476,0.577,10.344,19.904,,1,0.125,3.4745799999999996
8,B5 LM,KIMZEY A,3069.5,36.286,0.75,9.573,17.0975,,2,1.0,3.476179999999997
8,B5 LM,KIMZEY A,3070.0,28.317,0.887,10.178,13.879,,2,0.979,3.7447699999999986
8,B5 LM,KIMZEY A,3070.5,21.848,0.974,6.438,11.678,,2,0.957,4.038270000000001
8,B5 LM,KIMZEY A,3071.0,20.868,1.064,4.236,11.458,,2,0.936,4.60216
8,B5 LM,KIMZEY A,3071.5,23.699,1.097,5.834,11.597,,2,0.915,4.683250000000002
8,B5 LM,KIMZEY A,3072.0,26.536,0.998,6.878,11.843,,2,0.894,4.20269
7,B5 LM,KIMZEY A,3072.5,28.892,0.909,6.131,13.5605,,2,0.872,3.5793199999999996
7,B5 LM,KIMZEY A,3073.0,32.816,0.797,8.913,14.5665,,2,0.851,3.5886199999999984
7,B5 LM,KIMZEY A,3073.5,32.489,0.646,11.829,15.8045,,2,0.83,3.2859999999999974
8,B5 LM,KIMZEY A,3074.0,29.431,0.59,10.544,15.877,,2,0.809,3.6596699999999975
8,B5 LM,KIMZEY A,3074.5,27.547,0.688,8.088,15.64,,2,0.787,3.640799999999999
8,B5 LM,KIMZEY A,3075.0,27.491,0.612,6.211,17.2325,,2,0.766,3.774989999999997
8,B5 LM,KIMZEY A,3075.5,28.109,0.517,6.359,18.0765,,2,0.745,3.8768099999999994
8,B5 LM,KIMZEY A,3076.0,29.742,0.391,6.822,20.179,,2,0.723,3.9190499999999973
8,B5 LM,KIMZEY A,3076.5,32.515,0.213,8.033,22.1595,,2,0.702,4.037879999999999
8,B5 LM,KIMZEY A,3077.0,35.876,0.127,8.783,21.7295,,2,0.681,4.187339999999995
8,B5 LM,KIMZEY A,3077.5,40.311,0.214,9.134,20.949,,2,0.66,4.162919999999995
7,B5 LM,KIMZEY A,3078.0,42.725,0.268,8.584,20.564,,2,0.638,3.268870000000001
7,B5 LM,KIMZEY A,3078.5,46.088,0.29,6.053,21.7745,,2,0.617,3.114219999999999
7,B5 LM,KIMZEY A,3079.0,49.065,0.279,6.768,22.242,,2,0.596,3.27608
7,B5 LM,KIMZEY A,3079.5,53.726,0.219,9.463,21.7195,,2,0.574,3.3046300000000004
7,B5 LM,KIMZEY A,3080.0,57.428,0.159,9.133,22.2145,,2,0.553,3.3069100000000007
6,B5 LM,KIMZEY A,3080.5,63.474,0.229,10.509,21.4165,,2,0.532,3.353379999999999
6,B5 LM,KIMZEY A,3081.0,66.729,0.317,8.639,20.9765,,2,0.511,3.3477400000000004
6,B5 LM,KIMZEY A,3081.5,67.942,0.391,6.932,20.784,,2,0.489,3.343560000000001
7,B5 LM,KIMZEY A,3082.0,68.815,0.437,4.402,18.143,,2,0.468,3.8369900000000006
7,B5 LM,KIMZEY A,3082.5,68.722,0.459,5.117,17.4005,,2,0.447,3.582240000000001
7,B5 LM,KIMZEY A,3083.0,69.128,0.464,3.632,15.722,,2,0.426,3.9397100000000034
7,B5 LM,KIMZEY A,3083.5,68.031,0.448,4.402,14.677,,2,0.404,4.040110000000003
7,B5 LM,KIMZEY A,3084.0,67.564,0.519,4.621,13.9615,,2,0.383,3.34192
7,B5 LM,KIMZEY A,3084.5,67.538,0.573,5.337,13.0535,,2,0.362,3.4433100000000003
7,B5 LM,KIMZEY A,3085.0,67.899,0.639,5.85,12.577,,2,0.34,3.5104
7,B5 LM,KIMZEY A,3085.5,69.154,0.595,6.013,11.9615,,2,0.319,3.510190000000001
5,B5 LM,KIMZEY A,3086.0,79.88,0.75,7.373,10.4955,,2,0.298,4.031199999999999
5,B5 LM,KIMZEY A,3086.5,86.869,0.857,5.832,8.349,,2,0.277,4.08345
5,B5 LM,KIMZEY A,3087.0,110.942,0.933,5.612,7.139,,2,0.255,4.407059999999999
5,B5 LM,KIMZEY A,3087.5,121.438,0.988,6.933,5.8185,,2,0.234,4.497299999999998
5,B5 LM,KIMZEY A,3088.0,136.644,0.982,7.235,5.8595,,2,0.213,4.48647
5,B5 LM,KIMZEY A,3088.5,146.732,0.933,5.887,7.1665,,2,0.191,4.421309999999999
5,B5 LM,KIMZEY A,3089.0,140.154,0.748,12.6,8.597,,2,0.149,4.33831
5,B5 LM,KIMZEY A,3089.5,125.603,0.824,12.214,9.835,,2,0.128,4.190020000000001
5,B5 LM,KIMZEY A,3090.0,99.08,0.868,10.674,10.055,,2,0.106,4.180160000000002
5,B5 LM,KIMZEY A,3090.5,84.029,0.906,7.923,9.5595,,2,0.085,4.063799999999999
5,B5 LM,KIMZEY A,3091.0,73.656,0.928,7.239,9.6265,,2,0.064,3.9679500000000005
6,B5 LM,KIMZEY A,3091.5,70.578,0.838,7.315,10.3035,,2,0.043,3.8483199999999984
6,B5 LM,KIMZEY A,3092.0,67.444,0.702,7.392,10.981,,2,0.021,3.5977700000000006
3,C SH,KIMZEY A,3092.5,67.301,0.597,9.233,13.0315,,1,1.0,3.5521899999999973
3,C SH,KIMZEY A,3093.0,67.494,0.535,9.574,15.887,,1,0.974,3.4288299999999987
3,C SH,KIMZEY A,3093.5,66.264,0.481,11.334,18.913,,1,0.947,3.594609999999999
3,C SH,KIMZEY A,3094.0,64.66,0.503,13.108,18.026,,1,0.921,3.6280699999999997
3,C SH,KIMZEY A,3094.5,64.211,0.584,16.506,16.217,,1,0.895,3.402879999999998
3,C SH,KIMZEY A,3095.0,63.453,0.595,14.911,16.0795,,1,0.868,3.406539999999999
3,C SH,KIMZEY A,3095.5,62.923,0.606,15.155,15.5175,,1,0.842,3.3912299999999984
3,C SH,KIMZEY A,3096.0,62.614,0.677,14.196,15.282,,1,0.816,3.385619999999997
3,C SH,KIMZEY A,3096.5,62.594,0.732,15.406,14.402,,1,0.789,3.4536899999999964
3,C SH,KIMZEY A,3097.0,62.785,0.791,17.277,13.9615,,1,0.763,3.611179999999998
3,C SH,KIMZEY A,3097.5,65.317,0.742,16.892,14.209,,1,0.711,3.454059999999998
3,C SH,KIMZEY A,3098.0,67.611,0.715,16.286,15.062,,1,0.684,3.4134599999999966
3,C SH,KIMZEY A,3098.5,66.572,0.699,15.516,15.667,,1,0.658,3.401189999999997
3,C SH,KIMZEY A,3099.0,68.829,0.688,15.791,14.9795,,1,0.632,3.4151199999999973
3,C SH,KIMZEY A,3099.5,70.217,0.688,17.221,14.9245,,1,0.605,3.4258299999999973
2,C SH,KIMZEY A,3100.0,68.784,0.65,17.756,14.767,,1,0.579,3.365689999999998
2,C SH,KIMZEY A,3100.5,70.812,0.623,17.973,15.1535,,1,0.553,3.3535799999999982
2,C SH,KIMZEY A,3101.0,70.526,0.612,18.492,15.83,,1,0.526,3.3413099999999987
2,C SH,KIMZEY A,3101.5,64.98,0.612,18.13,16.066,,1,0.5,3.3387099999999994
2,C SH,KIMZEY A,3102.0,67.636,0.672,16.726,16.107,,1,0.474,3.3302699999999983
2,C SH,KIMZEY A,3102.5,64.374,0.764,14.251,15.1995,,1,0.447,3.3870499999999977
2,C SH,KIMZEY A,3103.0,62.215,0.797,12.82,14.264,,1,0.421,3.4352699999999974
2,C SH,KIMZEY A,3103.5,60.814,0.808,13.425,13.5215,,1,0.395,3.6528699999999987
3,C SH,KIMZEY A,3104.0,60.884,0.742,14.361,12.3385,,1,0.368,3.704959999999997
3,C SH,KIMZEY A,3104.5,62.554,0.764,15.24,11.623,,1,0.342,3.693499999999998
2,C SH,KIMZEY A,3105.0,64.784,0.759,16.341,11.0725,,1,0.289,3.6440399999999973
2,C SH,KIMZEY A,3105.5,67.764,0.745,13.645,12.2555,,1,0.263,3.6853799999999954
2,C SH,KIMZEY A,3106.0,70.192,0.721,13.646,12.696,,1,0.237,3.571389999999998
2,C SH,KIMZEY A,3106.5,71.594,0.699,13.535,13.1365,,1,0.211,3.555229999999998
2,C SH,KIMZEY A,3107.0,70.705,0.672,13.425,13.4665,,1,0.184,3.550459999999999
2,C SH,KIMZEY A,3107.5,69.295,0.612,12.159,14.8695,,1,0.158,3.3591800000000016
2,C SH,KIMZEY A,3108.0,67.784,0.589,12.841,15.3755,,1,0.132,3.352210000000001
2,C SH,KIMZEY A,3108.5,65.164,0.563,15.079,15.0605,,1,0.105,3.471850000000001
3,C SH,KIMZEY A,3109.0,62.957,0.53,16.795,14.9175,,1,0.079,3.5757800000000026
3,C SH,KIMZEY A,3109.5,56.582,0.464,19.038,15.227,,1,0.053,3.5368100000000013
5,C LM,KIMZEY A,3110.5,39.6,0.366,19.312,19.161,,2,1.0,3.2044699999999993
5,C LM,KIMZEY A,3111.0,25.306,0.415,18.626,17.303,,2,0.988,3.438299999999998
5,C LM,KIMZEY A,3111.5,22.906,0.546,18.294,14.993,,2,0.976,3.3652799999999985
5,C LM,KIMZEY A,3112.0,19.956,0.715,12.765,11.5405,,2,0.964,3.83131
5,C LM,KIMZEY A,3112.5,16.938,0.982,12.655,8.5145,,2,0.952,3.9565600000000023
5,C LM,KIMZEY A,3113.0,11.761,1.329,7.758,5.956,,2,0.94,4.097140000000001
8,C LM,KIMZEY A,3113.5,10.149,1.456,5.801,6.0225,,2,0.929,5.067259999999999
8,C LM,KIMZEY A,3114.0,11.587,1.336,5.557,6.5065,,2,0.917,5.102199999999999
8,C LM,KIMZEY A,3114.5,13.411,1.233,5.997,6.3415,,2,0.905,4.956009999999999
8,C LM,KIMZEY A,3115.0,16.222,1.162,6.218,6.011,,2,0.893,4.91233
8,C LM,KIMZEY A,3115.5,16.939,1.08,5.392,4.553,,2,0.881,5.155489999999999
6,C LM,KIMZEY A,3116.0,18.085,1.069,5.282,3.398,,2,0.869,4.760410000000004
6,C LM,KIMZEY A,3116.5,19.651,1.178,4.786,3.315,,2,0.857,4.695040000000004
6,C LM,KIMZEY A,3117.0,21.289,1.206,4.786,3.535,,2,0.845,4.669920000000004
6,C LM,KIMZEY A,3117.5,23.054,1.146,5.392,3.508,,2,0.833,4.628740000000004
5,C LM,KIMZEY A,3118.0,24.473,1.282,5.888,3.37,,2,0.821,4.864179999999999
5,C LM,KIMZEY A,3118.5,28.116,1.282,7.208,3.315,,2,0.81,4.609439999999996
5,C LM,KIMZEY A,3119.0,31.275,1.129,8.363,3.6175,,2,0.798,4.149589999999996
6,C LM,KIMZEY A,3119.5,34.781,1.02,9.024,5.103,,2,0.786,4.114099999999997
6,C LM,KIMZEY A,3120.0,39.565,0.966,8.639,7.2765,,2,0.774,3.9646599999999994
6,C LM,KIMZEY A,3120.5,40.913,0.95,7.912,7.133,,2,0.762,4.1380599999999985
8,C LM,KIMZEY A,3121.0,41.211,0.95,7.593,6.4785,,2,0.75,4.59301
5,C LM,KIMZEY A,3121.5,39.653,0.966,8.06,5.942,,2,0.738,4.077510000000001
5,C LM,KIMZEY A,3122.0,39.653,0.966,8.06,5.942,,2,0.738,4.077510000000001
6,C LM,KIMZEY A,3122.5,37.346,1.004,6.878,5.956,,2,0.726,4.05027
5,C LM,KIMZEY A,3123.0,34.785,1.097,7.427,4.6905,,2,0.714,4.067809999999997
6,C LM,KIMZEY A,3123.5,35.079,1.191,7.428,3.48,,2,0.702,4.236659999999995
6,C LM,KIMZEY A,3124.0,37.081,1.269,5.612,2.847,,2,0.69,4.8616199999999985
6,C LM,KIMZEY A,3124.5,35.89,1.347,4.432,3.977,,2,0.679,5.1443200000000004
6,C LM,KIMZEY A,3125.0,33.215,1.347,3.742,4.663,,2,0.667,5.0944899999999995
6,C LM,KIMZEY A,3125.5,33.307,1.287,4.787,3.8105,,2,0.655,4.734289999999999
6,C LM,KIMZEY A,3126.0,35.619,1.204,4.842,4.388,,2,0.643,4.517489999999999
5,C LM,KIMZEY A,3126.5,36.917,1.02,4.677,5.6255,,2,0.631,4.529279999999998
6,C LM,KIMZEY A,3127.0,33.366,1.026,5.255,6.3825,,2,0.619,4.35098
6,C LM,KIMZEY A,3127.5,26.31,1.217,4.02,6.233,,2,0.607,4.3155399999999995
6,C LM,KIMZEY A,3128.0,23.061,1.353,2.136,6.501,,2,0.595,4.27972
9,C LM,KIMZEY A,3128.5,20.498,1.505,1.321,6.4785,,2,0.583,5.007410000000003
9,C LM,KIMZEY A,3129.0,19.037,1.451,2.056,7.122,,2,0.571,5.258310000000002
9,C LM,KIMZEY A,3129.5,19.16,1.162,2.586,7.607,,2,0.56,5.366239999999998
9,C LM,KIMZEY A,3130.0,20.461,1.031,2.503,8.6935,,2,0.548,5.0986199999999995
9,C LM,KIMZEY A,3130.5,23.425,0.791,4.017,9.9725,,2,0.536,5.469780000000001
9,C LM,KIMZEY A,3131.0,31.562,0.759,5.805,9.5265,,2,0.524,5.586949999999999
9,C LM,KIMZEY A,3131.5,43.298,0.759,6.603,8.8445,,2,0.512,5.176849999999997
6,C LM,KIMZEY A,3132.0,60.579,0.77,7.675,8.3355,,2,0.5,4.3290999999999995
4,C LM,KIMZEY A,3132.5,65.001,0.737,8.473,9.2295,,2,0.488,4.603250000000004
4,C LM,KIMZEY A,3133.0,65.014,0.677,9.904,12.311,,2,0.476,3.7969699999999973
4,C LM,KIMZEY A,3133.5,61.49,0.688,10.134,12.141,,2,0.464,3.897369999999997
4,C LM,KIMZEY A,3134.0,63.557,0.721,11.019,12.1385,,2,0.452,4.07012
4,C LM,KIMZEY A,3134.5,66.737,0.693,11.581,12.1595,,2,0.44,3.854679999999998
4,C LM,KIMZEY A,3135.0,69.863,0.683,10.454,12.916,,2,0.429,3.8356599999999985
4,C LM,KIMZEY A,3135.5,79.245,0.677,10.619,12.9435,,2,0.417,3.7273699999999974
4,C LM,KIMZEY A,3136.0,86.023,0.688,10.949,11.7335,,2,0.405,3.823019999999998
6,C LM,KIMZEY A,3136.5,101.037,0.732,10.179,12.0085,,2,0.393,4.064450000000003
6,C LM,KIMZEY A,3137.0,153.374,0.748,8.198,13.439,,2,0.381,4.044430000000002
6,C LM,KIMZEY A,3137.5,144.117,0.672,9.188,13.439,,2,0.369,3.759429999999999
4,C LM,KIMZEY A,3138.0,245.36,0.721,9.642,13.927,,2,0.357,4.097130000000002
9,A1 SH,Recruit F9,2902.0,64.21,0.471,10.2,10.935,,2,0.256,5.933929999999999
9,A1 SH,Recruit F9,2902.5,63.82,0.467,11.2,10.655,,2,0.231,5.839299999999998
9,A1 SH,Recruit F9,2903.0,64.74,0.458,15.1,12.705,,2,0.205,5.8106399999999985
9,A1 LM,Recruit F9,2907.0,32.58,0.29,10.3,14.52,,2,1.0,5.853169999999995
9,A1 LM,Recruit F9,2907.5,25.14,0.294,7.1,12.48,,2,0.985,5.701449999999995
9,C LM,Recruit F9,3128.5,20.498,1.505,1.321,6.4785,,2,0.583,5.007410000000003
9,C LM,Recruit F9,3129.0,19.037,1.451,2.056,7.122,,2,0.571,5.258310000000002
9,C LM,Recruit F9,3129.5,19.16,1.162,2.586,7.607,,2,0.56,5.366239999999998
9,C LM,Recruit F9,3130.0,20.461,1.031,2.503,8.6935,,2,0.548,5.0986199999999995
9,C LM,Recruit F9,3130.5,23.425,0.791,4.017,9.9725,,2,0.536,5.469780000000001
9,C LM,Recruit F9,3131.0,31.562,0.759,5.805,9.5265,,2,0.524,5.586949999999999
9,C LM,Recruit F9,3131.5,43.298,0.759,6.603,8.8445,,2,0.512,5.176849999999997
